run_id,timestamp_utc,mode,solver_family,solver_approach,grounding_strategy,config_path,ontology_used,ontology_entry_count,tool_annotation_used,tool_count,constraints_used,constraint_count,translation_builder,translation_schema,completed_stage,fact_count,translation_sec,translation_peak_rss_mb,base_grounding_sec,base_grounding_peak_rss_mb,grounding_sec_total,solving_sec_total,rendering_sec_total,total_sec,raw_solutions_found,solutions_found,grounded_horizons,first_satisfiable_horizon
8a2d29c4-b4c6-43d7-9f06-b3fdba5b0110,2026-03-29T18:42:30.036864+00:00,single-shot,single-shot,legacy,hybrid,/Volumes/ZGMF-X20A/GARYU/ironAPE/APE_Example/defect_concentration/config.json,/Volumes/ZGMF-X20A/GARYU/ironAPE/APE_Example/MaterialsScience_taxonomy.owl,94,/Volumes/ZGMF-X20A/GARYU/ironAPE/APE_Example/tool_annotations.json,28,/Volumes/ZGMF-X20A/GARYU/ironAPE/APE_Example/defect_concentration/constraints_empty.json,0,runtime_legacy,legacy,run,395,0.005569,21.766,0.004990,25.578,0.147542,0.015843,0.000445,0.169399,,1,"1,2,3,4,5,6",6
d382f665-ebca-475b-8640-7150541bdb6a,2026-03-29T18:49:45.490864+00:00,single-shot,single-shot,legacy,hybrid,/Volumes/ZGMF-X20A/GARYU/ironAPE/APE_Example/defect_concentration/config.json,/Volumes/ZGMF-X20A/GARYU/ironAPE/APE_Example/MaterialsScience_taxonomy.owl,94,/Volumes/ZGMF-X20A/GARYU/ironAPE/APE_Example/tool_annotations.json,28,/Volumes/ZGMF-X20A/GARYU/ironAPE/APE_Example/defect_concentration/constraints_empty.json,0,runtime_legacy,legacy,run,395,0.005321,18.859,0.004957,23.891,0.141384,0.365909,3.604905,4.117519,,8100,"1,2,3,4,5,6",6
d7d020c9-f1cf-4f11-8eed-6290aa1b8598,2026-03-29T18:50:24.592447+00:00,multi-shot-opt,multi-shot,opt,hybrid,/Volumes/ZGMF-X20A/GARYU/ironAPE/APE_Example/defect_concentration/config.json,/Volumes/ZGMF-X20A/GARYU/ironAPE/APE_Example/MaterialsScience_taxonomy.owl,94,/Volumes/ZGMF-X20A/GARYU/ironAPE/APE_Example/tool_annotations.json,28,/Volumes/ZGMF-X20A/GARYU/ironAPE/APE_Example/defect_concentration/constraints_empty.json,0,candidate_full_variants,candidate,run,387,0.005114,19.000,0.001733,21.234,0.108710,0.019711,3.088475,3.222011,,72,"1,2,3,4,5,6,7",7
d421f49d-d000-455f-8a27-956a000e3a0c,2026-03-29T18:50:34.345698+00:00,multi-shot-lazy,multi-shot,lazy,hybrid,/Volumes/ZGMF-X20A/GARYU/ironAPE/APE_Example/defect_concentration/config.json,/Volumes/ZGMF-X20A/GARYU/ironAPE/APE_Example/MaterialsScience_taxonomy.owl,94,/Volumes/ZGMF-X20A/GARYU/ironAPE/APE_Example/tool_annotations.json,28,/Volumes/ZGMF-X20A/GARYU/ironAPE/APE_Example/defect_concentration/constraints_empty.json,0,candidate_lazy,lazy_candidate,run,390,0.005258,19.781,0.001611,22.016,0.354376,4.377274,3.574533,8.311441,,10000,"1,2,3,4,5,6,7,8,9,10,11,12,13,14,15",7
ee19f06e-f376-434d-ba58-c91e22406bc8,2026-03-29T18:50:53.975215+00:00,single-shot-lazy,single-shot,lazy,hybrid,/Volumes/ZGMF-X20A/GARYU/ironAPE/APE_Example/defect_concentration/config.json,/Volumes/ZGMF-X20A/GARYU/ironAPE/APE_Example/MaterialsScience_taxonomy.owl,94,/Volumes/ZGMF-X20A/GARYU/ironAPE/APE_Example/tool_annotations.json,28,/Volumes/ZGMF-X20A/GARYU/ironAPE/APE_Example/defect_concentration/constraints_empty.json,0,candidate_lazy,lazy_candidate,run,390,0.005108,18.234,0.004439,22.891,0.129326,0.200644,3.326745,3.661823,,6660,"1,2,3,4,5,6",6
e34191de-fc60-4fd2-b7fa-8d4bab56bf4b,2026-03-29T18:51:24.670112+00:00,single-shot-opt,single-shot,opt,hybrid,/Volumes/ZGMF-X20A/GARYU/ironAPE/APE_Example/defect_concentration/config.json,/Volumes/ZGMF-X20A/GARYU/ironAPE/APE_Example/MaterialsScience_taxonomy.owl,94,/Volumes/ZGMF-X20A/GARYU/ironAPE/APE_Example/tool_annotations.json,28,/Volumes/ZGMF-X20A/GARYU/ironAPE/APE_Example/defect_concentration/constraints_empty.json,0,candidate_full_variants,candidate,run,387,0.005755,19.609,0.005661,24.141,0.198098,0.227788,3.660658,4.092299,,6660,"1,2,3,4,5,6",6
932fc4fe-0a3f-4cd3-a0f8-c6f4f9170b54,2026-03-29T18:52:09.157752+00:00,single-shot,single-shot,legacy,hybrid,/Volumes/ZGMF-X20A/GARYU/ironAPE/APE_Example/defect_concentration/config.json,/Volumes/ZGMF-X20A/GARYU/ironAPE/APE_Example/MaterialsScience_taxonomy.owl,94,/Volumes/ZGMF-X20A/GARYU/ironAPE/APE_Example/tool_annotations.json,28,/Volumes/ZGMF-X20A/GARYU/ironAPE/APE_Example/defect_concentration/constraints_empty.json,0,runtime_legacy,legacy,run,395,0.005459,20.109,0.048633,45.109,0.203281,0.027941,0.000371,0.237051,,1,"6,7,8",6
98c8c971-265d-46a7-89ce-13aed327ec4d,2026-03-29T18:55:30.566585+00:00,single-shot-opt,single-shot,opt,hybrid,/Volumes/ZGMF-X20A/GARYU/ironAPE/APE_Example/defect_concentration/config.json,/Volumes/ZGMF-X20A/GARYU/ironAPE/APE_Example/MaterialsScience_taxonomy.owl,94,/Volumes/ZGMF-X20A/GARYU/ironAPE/APE_Example/tool_annotations.json,28,/Volumes/ZGMF-X20A/GARYU/ironAPE/APE_Example/defect_concentration/constraints_empty.json,0,candidate_full_variants,candidate,run,387,0.005836,19.562,0.005678,24.156,2.351750,0.921732,3.599578,6.878897,,10000,"1,2,3,4,5,6,7,8,9,10,11,12,13,14,15",6
8758efdc-2f8a-48cf-b9fe-f1be73f272cc,2026-03-29T18:56:46.363988+00:00,multi-shot-lazy,multi-shot,lazy,hybrid,/Volumes/ZGMF-X20A/GARYU/ironAPE/APE_Example/defect_concentration/config.json,/Volumes/ZGMF-X20A/GARYU/ironAPE/APE_Example/MaterialsScience_taxonomy.owl,94,/Volumes/ZGMF-X20A/GARYU/ironAPE/APE_Example/tool_annotations.json,28,/Volumes/ZGMF-X20A/GARYU/ironAPE/APE_Example/defect_concentration/constraints_empty.json,0,candidate_lazy,lazy_candidate,run,390,0.005537,18.391,0.001685,21.062,0.311677,4.037506,3.373149,7.727870,,10000,"1,2,3,4,5,6,7,8,9,10,11,12,13,14,15",7
dfd28229-7c21-45bc-b875-5e0a8dae2887,2026-03-29T19:07:47.249635+00:00,multi-shot-lazy,multi-shot,lazy,hybrid,/Volumes/ZGMF-X20A/GARYU/ironAPE/APE_Example/defect_concentration/config.json,/Volumes/ZGMF-X20A/GARYU/ironAPE/APE_Example/MaterialsScience_taxonomy.owl,94,/Volumes/ZGMF-X20A/GARYU/ironAPE/APE_Example/tool_annotations.json,28,/Volumes/ZGMF-X20A/GARYU/ironAPE/APE_Example/defect_concentration/constraints_empty.json,0,candidate_lazy,lazy_candidate,run,390,0.005663,19.109,0.001814,21.844,0.009005,0.000428,0.000282,0.015379,,0,0,"6,7,8,9"
f618bdb6-25b1-48c5-97ce-dfe6e11b8df3,2026-03-29T19:07:47.249531+00:00,multi-shot,multi-shot,legacy,hybrid,/Volumes/ZGMF-X20A/GARYU/ironAPE/APE_Example/defect_concentration/config.json,/Volumes/ZGMF-X20A/GARYU/ironAPE/APE_Example/MaterialsScience_taxonomy.owl,94,/Volumes/ZGMF-X20A/GARYU/ironAPE/APE_Example/tool_annotations.json,28,/Volumes/ZGMF-X20A/GARYU/ironAPE/APE_Example/defect_concentration/constraints_empty.json,0,runtime_legacy,legacy,run,395,0.005552,19.125,0.002737,22.641,0.017502,0.000430,0.000269,0.023753,,0,0,"6,7,8,9"
2505e99e-5c12-496f-8d6d-1f2b95a6c0f6,2026-03-29T19:08:07.818801+00:00,multi-shot-opt,multi-shot,opt,hybrid,/Volumes/ZGMF-X20A/GARYU/ironAPE/APE_Example/defect_concentration/config.json,/Volumes/ZGMF-X20A/GARYU/ironAPE/APE_Example/MaterialsScience_taxonomy.owl,94,/Volumes/ZGMF-X20A/GARYU/ironAPE/APE_Example/tool_annotations.json,28,/Volumes/ZGMF-X20A/GARYU/ironAPE/APE_Example/defect_concentration/constraints_empty.json,0,candidate_full_variants,candidate,run,387,0.005237,19.203,0.001816,21.688,0.007032,0.000227,0.000324,0.012821,,0,0,"6,7,8,9"
837eb9f8-16bd-4de0-b452-7742b29e75e1,2026-03-29T19:08:07.818789+00:00,single-shot,single-shot,legacy,hybrid,/Volumes/ZGMF-X20A/GARYU/ironAPE/APE_Example/defect_concentration/config.json,/Volumes/ZGMF-X20A/GARYU/ironAPE/APE_Example/MaterialsScience_taxonomy.owl,94,/Volumes/ZGMF-X20A/GARYU/ironAPE/APE_Example/tool_annotations.json,28,/Volumes/ZGMF-X20A/GARYU/ironAPE/APE_Example/defect_concentration/constraints_empty.json,0,runtime_legacy,legacy,run,395,0.005271,19.062,0.048543,44.750,0.306734,3.061735,0.713219,4.086959,,10000,10000,"6,7,8,9"
617708f9-8dfd-48b9-aed1-a63914aba7e6,2026-03-29T19:08:54.157949+00:00,single-shot,single-shot,legacy,hybrid,/Volumes/ZGMF-X20A/GARYU/ironAPE/APE_Example/defect_concentration/config.json,/Volumes/ZGMF-X20A/GARYU/ironAPE/APE_Example/MaterialsScience_taxonomy.owl,94,/Volumes/ZGMF-X20A/GARYU/ironAPE/APE_Example/tool_annotations.json,28,/Volumes/ZGMF-X20A/GARYU/ironAPE/APE_Example/defect_concentration/constraints_empty.json,0,runtime_legacy,legacy,translate_only,395,0.005032,18.500,,,0.000000,0.000000,0.000000,0.005032,0,0,,
149733c2-25e7-432c-b645-a0d42f066bf4,2026-03-29T19:16:15.492615+00:00,multi-shot,multi-shot,legacy,hybrid,/Volumes/ZGMF-X20A/GARYU/ironAPE/APE_Example/defect_concentration/config.json,/Volumes/ZGMF-X20A/GARYU/ironAPE/APE_Example/MaterialsScience_taxonomy.owl,94,/Volumes/ZGMF-X20A/GARYU/ironAPE/APE_Example/tool_annotations.json,28,/Volumes/ZGMF-X20A/GARYU/ironAPE/APE_Example/defect_concentration/constraints_empty.json,0,runtime_legacy,legacy,run,395,0.005639,19.328,0.002890,23.172,0.018208,0.000405,0.000295,0.024548,0,0,"6,7,8,9",
2d07290e-923c-49ad-9c6b-e1ada7d8ff3c,2026-03-29T19:17:12.894162+00:00,single-shot-opt,single-shot,opt,hybrid,/Volumes/ZGMF-X20A/GARYU/ironAPE/APE_Example/defect_concentration/config.json,/Volumes/ZGMF-X20A/GARYU/ironAPE/APE_Example/MaterialsScience_taxonomy.owl,94,/Volumes/ZGMF-X20A/GARYU/ironAPE/APE_Example/tool_annotations.json,28,/Volumes/ZGMF-X20A/GARYU/ironAPE/APE_Example/defect_concentration/constraints_empty.json,0,candidate_full_variants,candidate,run,387,0.005298,19.750,0.003494,22.766,0.003494,0.000077,0.000257,0.009125,0,0,6,
f17a08cb-01f9-4f7d-a951-ebbfa0ff4411,2026-03-29T19:17:12.903746+00:00,multi-shot-lazy,multi-shot,lazy,hybrid,/Volumes/ZGMF-X20A/GARYU/ironAPE/APE_Example/defect_concentration/config.json,/Volumes/ZGMF-X20A/GARYU/ironAPE/APE_Example/MaterialsScience_taxonomy.owl,94,/Volumes/ZGMF-X20A/GARYU/ironAPE/APE_Example/tool_annotations.json,28,/Volumes/ZGMF-X20A/GARYU/ironAPE/APE_Example/defect_concentration/constraints_empty.json,0,candidate_lazy,lazy_candidate,ground_only_base,390,0.005699,19.922,0.001638,22.172,0.001638,0.000000,0.000000,0.007337,0,0,,
9b5787eb-bc4f-4df9-8967-06081f2a5455,2026-03-29T19:18:01.541179+00:00,multi-shot-lazy,multi-shot,lazy,hybrid,/Volumes/ZGMF-X20A/GARYU/ironAPE/APE_Example/defect_concentration/config.json,/Volumes/ZGMF-X20A/GARYU/ironAPE/APE_Example/MaterialsScience_taxonomy.owl,94,/Volumes/ZGMF-X20A/GARYU/ironAPE/APE_Example/tool_annotations.json,28,/Volumes/ZGMF-X20A/GARYU/ironAPE/APE_Example/defect_concentration/constraints_empty.json,0,candidate_lazy,lazy_candidate,run,390,0.005959,18.391,0.001760,20.594,0.311364,6.057511,3.373477,9.748311,10000,10000,"1,2,3,4,5,6,7,8,9,10,11,12,13,14,15",7
97b5cf47-dbc1-4ac9-a555-0263a435ecf3,2026-03-29T19:18:30.205678+00:00,multi-shot,multi-shot,legacy,hybrid,/Volumes/ZGMF-X20A/GARYU/ironAPE/APE_Example/defect_concentration/config.json,/Volumes/ZGMF-X20A/GARYU/ironAPE/APE_Example/MaterialsScience_taxonomy.owl,94,/Volumes/ZGMF-X20A/GARYU/ironAPE/APE_Example/tool_annotations.json,28,/Volumes/ZGMF-X20A/GARYU/ironAPE/APE_Example/defect_concentration/constraints_empty.json,0,runtime_legacy,legacy,run,395,0.005664,18.391,0.003205,22.031,0.556816,23.802144,0.659494,25.024118,10000,10000,"1,2,3,4,5,6,7,8,9,10,11,12,13,14,15",7
7bbb7f28-1d49-456d-a513-01d46dc605ee,2026-03-29T19:19:06.523555+00:00,multi-shot-opt,multi-shot,opt,hybrid,/Volumes/ZGMF-X20A/GARYU/ironAPE/APE_Example/defect_concentration/config.json,/Volumes/ZGMF-X20A/GARYU/ironAPE/APE_Example/MaterialsScience_taxonomy.owl,94,/Volumes/ZGMF-X20A/GARYU/ironAPE/APE_Example/tool_annotations.json,28,/Volumes/ZGMF-X20A/GARYU/ironAPE/APE_Example/defect_concentration/constraints_empty.json,0,candidate_full_variants,candidate,run,387,0.005522,19.359,0.002029,21.688,0.730665,26.786478,0.710196,28.232861,10000,10000,"1,2,3,4,5,6,7,8,9,10,11,12,13,14,15",7
ad054ac5-04d9-4ebc-bfb5-3aa95cfbba94,2026-03-29T19:19:50.803814+00:00,multi-shot,multi-shot,legacy,hybrid,/Volumes/ZGMF-X20A/GARYU/ironAPE/APE_Example/defect_concentration/config.json,/Volumes/ZGMF-X20A/GARYU/ironAPE/APE_Example/MaterialsScience_taxonomy.owl,94,/Volumes/ZGMF-X20A/GARYU/ironAPE/APE_Example/tool_annotations.json,28,/Volumes/ZGMF-X20A/GARYU/ironAPE/APE_Example/defect_concentration/constraints_empty.json,0,runtime_legacy,legacy,run,395,0.005602,19.078,0.003101,22.391,0.563582,24.446429,0.690826,25.706440,10000,10000,"1,2,3,4,5,6,7,8,9,10,11,12,13,14,15",7
11abfb37-238c-4d1e-b8d2-1ff7c66c4715,2026-03-29T19:20:28.707754+00:00,single-shot,single-shot,legacy,hybrid,/Volumes/ZGMF-X20A/GARYU/ironAPE/APE_Example/defect_concentration/config.json,/Volumes/ZGMF-X20A/GARYU/ironAPE/APE_Example/MaterialsScience_taxonomy.owl,94,/Volumes/ZGMF-X20A/GARYU/ironAPE/APE_Example/tool_annotations.json,28,/Volumes/ZGMF-X20A/GARYU/ironAPE/APE_Example/defect_concentration/constraints_empty.json,0,runtime_legacy,legacy,run,395,0.005747,18.969,0.005176,23.297,1.704289,3.353465,0.727922,5.791422,10000,10000,"1,2,3,4,5,6,7,8,9,10,11,12,13,14,15",6
706b5f93-943d-43e0-b719-7620d5ce2266,2026-03-29T19:21:03.288114+00:00,single-shot-opt,single-shot,opt,hybrid,/Volumes/ZGMF-X20A/GARYU/ironAPE/APE_Example/defect_concentration/config.json,/Volumes/ZGMF-X20A/GARYU/ironAPE/APE_Example/MaterialsScience_taxonomy.owl,94,/Volumes/ZGMF-X20A/GARYU/ironAPE/APE_Example/tool_annotations.json,28,/Volumes/ZGMF-X20A/GARYU/ironAPE/APE_Example/defect_concentration/constraints_empty.json,0,candidate_full_variants,candidate,run,387,0.005037,18.547,0.002413,21.750,0.044549,0.000615,0.000480,0.050680,0,0,"1,2,3,4,5,6,7,8,9,10,11,12,13,14,15",
63877d6c-fc18-4548-b3cc-63e468e0c417,2026-03-29T19:21:29.104728+00:00,single-shot-lazy,single-shot,lazy,hybrid,/Volumes/ZGMF-X20A/GARYU/ironAPE/APE_Example/defect_concentration/config.json,/Volumes/ZGMF-X20A/GARYU/ironAPE/APE_Example/MaterialsScience_taxonomy.owl,94,/Volumes/ZGMF-X20A/GARYU/ironAPE/APE_Example/tool_annotations.json,28,/Volumes/ZGMF-X20A/GARYU/ironAPE/APE_Example/defect_concentration/constraints_empty.json,0,candidate_lazy,lazy_candidate,run,390,0.005233,18.500,0.002525,21.781,0.046656,0.000594,0.000269,0.052751,0,0,"1,2,3,4,5,6,7,8,9,10,11,12,13,14,15",
dde780c2-789d-4a2c-8a1d-f3ad1e647592,2026-03-29T19:22:16.202381+00:00,multi-shot,multi-shot,legacy,hybrid,/Volumes/ZGMF-X20A/GARYU/ironAPE/APE_Example/defect_concentration/config.json,/Volumes/ZGMF-X20A/GARYU/ironAPE/APE_Example/MaterialsScience_taxonomy.owl,94,/Volumes/ZGMF-X20A/GARYU/ironAPE/APE_Example/tool_annotations.json,28,/Volumes/ZGMF-X20A/GARYU/ironAPE/APE_Example/defect_concentration/constraints_empty.json,0,runtime_legacy,legacy,run,395,0.005068,18.641,0.003014,22.016,0.566368,23.877538,0.651853,25.100826,10000,10000,"1,2,3,4,5,6,7,8,9,10,11,12,13,14,15",7
286a7526-e63c-4e9c-8530-67cc349a1413,2026-03-29T19:28:03.972023+00:00,single-shot-lazy,single-shot,lazy,hybrid,/Volumes/ZGMF-X20A/GARYU/ironAPE/APE_Example/defect_concentration/config.json,/Volumes/ZGMF-X20A/GARYU/ironAPE/APE_Example/MaterialsScience_taxonomy.owl,94,/Volumes/ZGMF-X20A/GARYU/ironAPE/APE_Example/tool_annotations.json,28,/Volumes/ZGMF-X20A/GARYU/ironAPE/APE_Example/defect_concentration/constraints_empty.json,0,candidate_lazy,lazy_candidate,run,390,0.005764,20.031,0.047891,46.547,0.314071,0.029409,0.000387,0.349631,0,0,"6,7,8,9",
ef119c05-3438-4591-89a6-299c77b23391,2026-03-29T19:28:03.971829+00:00,single-shot-opt,single-shot,opt,hybrid,/Volumes/ZGMF-X20A/GARYU/ironAPE/APE_Example/defect_concentration/config.json,/Volumes/ZGMF-X20A/GARYU/ironAPE/APE_Example/MaterialsScience_taxonomy.owl,94,/Volumes/ZGMF-X20A/GARYU/ironAPE/APE_Example/tool_annotations.json,28,/Volumes/ZGMF-X20A/GARYU/ironAPE/APE_Example/defect_concentration/constraints_empty.json,0,candidate_full_variants,candidate,run,387,0.005696,19.625,0.125866,93.656,0.797892,0.046769,0.000391,0.850748,0,0,"6,7,8,9",
938e9cb3-3fc0-4a24-b55c-c3c525a18d28,2026-03-29T19:28:03.958625+00:00,single-shot,single-shot,legacy,hybrid,/Volumes/ZGMF-X20A/GARYU/ironAPE/APE_Example/defect_concentration/config.json,/Volumes/ZGMF-X20A/GARYU/ironAPE/APE_Example/MaterialsScience_taxonomy.owl,94,/Volumes/ZGMF-X20A/GARYU/ironAPE/APE_Example/tool_annotations.json,28,/Volumes/ZGMF-X20A/GARYU/ironAPE/APE_Example/defect_concentration/constraints_empty.json,0,runtime_legacy,legacy,run,395,0.005531,20.328,0.055312,50.656,0.339571,3.323311,0.656384,4.324797,10000,10000,"6,7,8,9",7
80cbd135-88f8-4749-9e00-03b0c243bbb3,2026-03-29T19:28:24.641827+00:00,single-shot-opt,single-shot,opt,hybrid,/Volumes/ZGMF-X20A/GARYU/ironAPE/APE_Example/defect_concentration/config.json,/Volumes/ZGMF-X20A/GARYU/ironAPE/APE_Example/MaterialsScience_taxonomy.owl,94,/Volumes/ZGMF-X20A/GARYU/ironAPE/APE_Example/tool_annotations.json,28,/Volumes/ZGMF-X20A/GARYU/ironAPE/APE_Example/defect_concentration/constraints_empty.json,0,candidate_full_variants,candidate,translate_only,387,0.005139,19.875,,,0.000000,0.000000,0.000000,0.005139,0,0,,
8c713f7b-17b1-4974-8eaa-b53151d2e8d1,2026-03-29T19:28:24.638445+00:00,multi-shot-opt,multi-shot,opt,hybrid,/Volumes/ZGMF-X20A/GARYU/ironAPE/APE_Example/defect_concentration/config.json,/Volumes/ZGMF-X20A/GARYU/ironAPE/APE_Example/MaterialsScience_taxonomy.owl,94,/Volumes/ZGMF-X20A/GARYU/ironAPE/APE_Example/tool_annotations.json,28,/Volumes/ZGMF-X20A/GARYU/ironAPE/APE_Example/defect_concentration/constraints_empty.json,0,candidate_full_variants,candidate,run,387,0.005578,19.828,0.001902,22.594,0.007416,0.000248,0.000297,0.013539,0,0,"6,7,8,9",
09fb3762-92b0-4ecb-b541-b7b27b715b8f,2026-03-29T19:28:24.639412+00:00,multi-shot-lazy,multi-shot,lazy,hybrid,/Volumes/ZGMF-X20A/GARYU/ironAPE/APE_Example/defect_concentration/config.json,/Volumes/ZGMF-X20A/GARYU/ironAPE/APE_Example/MaterialsScience_taxonomy.owl,94,/Volumes/ZGMF-X20A/GARYU/ironAPE/APE_Example/tool_annotations.json,28,/Volumes/ZGMF-X20A/GARYU/ironAPE/APE_Example/defect_concentration/constraints_empty.json,0,candidate_lazy,lazy_candidate,run,390,0.005383,19.469,0.001784,21.828,0.009476,0.000475,0.000290,0.015624,0,0,"6,7,8,9",
7bdf50ab-0bac-4184-9fee-f5ac3163d1eb,2026-03-29T19:29:31.776790+00:00,single-shot-lazy,single-shot,lazy,hybrid,/Volumes/ZGMF-X20A/GARYU/ironAPE/APE_Example/defect_concentration/config.json,/Volumes/ZGMF-X20A/GARYU/ironAPE/APE_Example/MaterialsScience_taxonomy.owl,94,/Volumes/ZGMF-X20A/GARYU/ironAPE/APE_Example/tool_annotations.json,28,/Volumes/ZGMF-X20A/GARYU/ironAPE/APE_Example/defect_concentration/constraints_empty.json,0,candidate_lazy,lazy_candidate,run,390,0.005117,19.406,0.046656,46.359,0.297998,3.100872,0.606119,4.010106,10000,10000,"6,7,8,9",7
699fc7ef-143f-4d16-aafb-1477d3b8df05,2026-03-29T19:29:31.775196+00:00,single-shot-opt,single-shot,opt,hybrid,/Volumes/ZGMF-X20A/GARYU/ironAPE/APE_Example/defect_concentration/config.json,/Volumes/ZGMF-X20A/GARYU/ironAPE/APE_Example/MaterialsScience_taxonomy.owl,94,/Volumes/ZGMF-X20A/GARYU/ironAPE/APE_Example/tool_annotations.json,28,/Volumes/ZGMF-X20A/GARYU/ironAPE/APE_Example/defect_concentration/constraints_empty.json,0,candidate_full_variants,candidate,run,387,0.005550,18.953,0.124040,94.766,0.802810,3.874032,0.689622,5.372013,10000,10000,"6,7,8,9",7
f415d0ef-2cc8-422d-b5d1-cf8966820651,2026-03-29T19:31:51.282291+00:00,single-shot,single-shot,legacy,hybrid,/Volumes/ZGMF-X20A/GARYU/ironAPE/APE_Example/defect_concentration/config.json,/Volumes/ZGMF-X20A/GARYU/ironAPE/APE_Example/MaterialsScience_taxonomy.owl,94,/Volumes/ZGMF-X20A/GARYU/ironAPE/APE_Example/tool_annotations.json,28,/Volumes/ZGMF-X20A/GARYU/ironAPE/APE_Example/defect_concentration/constraints_empty.json,0,runtime_legacy,legacy,run,395,0.005870,18.156,0.085400,66.266,0.085400,0.611458,0.128340,0.831069,2184,2184,8,8
cbdf2353-5db0-4fa3-8767-ba8bc57556a1,2026-03-29T19:32:18.431494+00:00,single-shot,single-shot,legacy,hybrid,/Volumes/ZGMF-X20A/GARYU/ironAPE/APE_Example/defect_concentration/config.json,/Volumes/ZGMF-X20A/GARYU/ironAPE/APE_Example/MaterialsScience_taxonomy.owl,94,/Volumes/ZGMF-X20A/GARYU/ironAPE/APE_Example/tool_annotations.json,28,/Volumes/ZGMF-X20A/GARYU/ironAPE/APE_Example/defect_concentration/constraints_empty.json,0,runtime_legacy,legacy,run,395,0.005892,18.391,0.080183,67.922,0.080183,0.624105,0.132393,0.842573,2184,2184,8,8
1fb46832-35c4-453b-8981-69a6397cce66,2026-03-29T19:34:48.562698+00:00,multi-shot,multi-shot,legacy,hybrid,/Volumes/ZGMF-X20A/GARYU/ironAPE/APE_Example/defect_concentration/config.json,/Volumes/ZGMF-X20A/GARYU/ironAPE/APE_Example/MaterialsScience_taxonomy.owl,94,/Volumes/ZGMF-X20A/GARYU/ironAPE/APE_Example/tool_annotations.json,28,/Volumes/ZGMF-X20A/GARYU/ironAPE/APE_Example/defect_concentration/constraints_empty.json,0,runtime_legacy,legacy,run,395,0.005735,18.734,0.003128,22.422,0.562079,24.586554,0.662847,25.817215,10000,10000,"1,2,3,4,5,6,7,8,9,10,11,12,13,14,15",7
60c81b90-5465-4e00-8833-0d4b614db8f3,2026-03-29T19:39:00.861573+00:00,single-shot,single-shot,legacy,hybrid,/Volumes/ZGMF-X20A/GARYU/ironAPE/APE_Example/defect_concentration/config.json,/Volumes/ZGMF-X20A/GARYU/ironAPE/APE_Example/MaterialsScience_taxonomy.owl,94,/Volumes/ZGMF-X20A/GARYU/ironAPE/APE_Example/tool_annotations.json,28,/Volumes/ZGMF-X20A/GARYU/ironAPE/APE_Example/defect_concentration/constraints_empty.json,0,runtime_legacy,legacy,run,395,0.005046,19.359,0.084507,70.859,0.084507,0.018314,0.001561,0.109428,20,20,8,8
a6f4f61b-b136-4969-a155-c9731a1caa11,2026-03-29T19:40:05.611745+00:00,single-shot,single-shot,legacy,hybrid,/Volumes/ZGMF-X20A/GARYU/ironAPE/APE_Example/defect_concentration/config.json,/Volumes/ZGMF-X20A/GARYU/ironAPE/APE_Example/MaterialsScience_taxonomy.owl,94,/Volumes/ZGMF-X20A/GARYU/ironAPE/APE_Example/tool_annotations.json,28,/Volumes/ZGMF-X20A/GARYU/ironAPE/APE_Example/defect_concentration/constraints_empty.json,0,runtime_legacy,legacy,run,395,0.004911,18.672,0.081986,61.391,0.081986,0.723191,0.129213,0.939301,2184,168,8,8
1f9dab5a-1e18-43f7-8a30-fb20873872e2,2026-03-29T19:41:00.859121+00:00,single-shot,single-shot,legacy,hybrid,/Volumes/ZGMF-X20A/GARYU/ironAPE/APE_Example/defect_concentration/config.json,/Volumes/ZGMF-X20A/GARYU/ironAPE/APE_Example/MaterialsScience_taxonomy.owl,94,/Volumes/ZGMF-X20A/GARYU/ironAPE/APE_Example/tool_annotations.json,28,/Volumes/ZGMF-X20A/GARYU/ironAPE/APE_Example/defect_concentration/constraints_empty.json,0,runtime_legacy,legacy,run,395,0.005190,19.594,0.082724,62.266,0.082724,0.615813,0.131847,0.835573,2184,2184,8,8
b228f3d4-ecb3-48a7-9187-789d06451083,2026-03-29T19:42:53.737099+00:00,multi-shot,multi-shot,legacy,hybrid,/Volumes/ZGMF-X20A/GARYU/ironAPE/APE_Example/defect_concentration/config.json,/Volumes/ZGMF-X20A/GARYU/ironAPE/APE_Example/MaterialsScience_taxonomy.owl,94,/Volumes/ZGMF-X20A/GARYU/ironAPE/APE_Example/tool_annotations.json,28,/Volumes/ZGMF-X20A/GARYU/ironAPE/APE_Example/defect_concentration/constraints_empty.json,0,runtime_legacy,legacy,translate_only,395,0.005172,19.141,,,0.000000,0.000000,0.000000,0.005172,0,0,,
a2101b3e-290a-462a-b32d-dfdb7b527986,2026-03-29T19:44:42.905308+00:00,multi-shot,multi-shot,legacy,hybrid,/Volumes/ZGMF-X20A/GARYU/ironAPE/APE_Example/defect_concentration/config.json,/Volumes/ZGMF-X20A/GARYU/ironAPE/APE_Example/MaterialsScience_taxonomy.owl,94,/Volumes/ZGMF-X20A/GARYU/ironAPE/APE_Example/tool_annotations.json,28,/Volumes/ZGMF-X20A/GARYU/ironAPE/APE_Example/defect_concentration/constraints_empty.json,0,runtime_legacy,legacy,translate_only,391,0.005014,19.000,,,0.000000,0.000000,0.000000,0.005014,0,0,,
767228e9-e600-43ae-a857-e019990136ba,2026-03-29T19:44:42.905349+00:00,multi-shot,multi-shot,legacy,hybrid,/Volumes/ZGMF-X20A/GARYU/ironAPE/APE_Example/defect_concentration/config.json,/Volumes/ZGMF-X20A/GARYU/ironAPE/APE_Example/MaterialsScience_taxonomy.owl,94,/Volumes/ZGMF-X20A/GARYU/ironAPE/APE_Example/tool_annotations.json,28,/Volumes/ZGMF-X20A/GARYU/ironAPE/APE_Example/defect_concentration/constraints_empty.json,0,runtime_legacy,legacy,run,391,0.004978,19.828,0.002494,23.031,0.010264,0.000262,0.000271,0.015775,0,0,"7,8",
6149e87b-8a1f-4390-89a0-d05e9ed7d348,2026-03-29T19:45:12.676407+00:00,multi-shot,multi-shot,legacy,hybrid,/Volumes/ZGMF-X20A/GARYU/ironAPE/APE_Example/defect_concentration/config.json,/Volumes/ZGMF-X20A/GARYU/ironAPE/APE_Example/MaterialsScience_taxonomy.owl,94,/Volumes/ZGMF-X20A/GARYU/ironAPE/APE_Example/tool_annotations.json,28,/Volumes/ZGMF-X20A/GARYU/ironAPE/APE_Example/defect_concentration/constraints_empty.json,0,runtime_legacy,legacy,run,391,0.005170,18.625,0.002995,22.000,0.012317,0.000256,0.000307,0.018051,0,0,"7,8",
3c74136d-5a22-4ae3-8e2e-250812b3a127,2026-03-29T19:50:40.130519+00:00,single-shot,single-shot,legacy,hybrid,/Volumes/ZGMF-X20A/GARYU/ironAPE/APE_Example/defect_concentration/config.json,/Volumes/ZGMF-X20A/GARYU/ironAPE/APE_Example/MaterialsScience_taxonomy.owl,94,/Volumes/ZGMF-X20A/GARYU/ironAPE/APE_Example/tool_annotations.json,28,/Volumes/ZGMF-X20A/GARYU/ironAPE/APE_Example/defect_concentration/constraints_empty.json,0,runtime_legacy,legacy,run,395,0.005804,19.266,0.081469,62.203,0.081469,0.565673,0.121828,0.774774,2016,2016,8,8
dac9e2c6-280f-4e4e-a74e-0e3e57988525,2026-03-29T19:51:29.611569+00:00,multi-shot,multi-shot,legacy,hybrid,/Volumes/ZGMF-X20A/GARYU/ironAPE/APE_Example/defect_concentration/config.json,/Volumes/ZGMF-X20A/GARYU/ironAPE/APE_Example/MaterialsScience_taxonomy.owl,94,/Volumes/ZGMF-X20A/GARYU/ironAPE/APE_Example/tool_annotations.json,28,/Volumes/ZGMF-X20A/GARYU/ironAPE/APE_Example/defect_concentration/constraints_empty.json,0,runtime_legacy,legacy,run,391,0.005273,18.422,0.003064,21.359,0.551839,3.536735,0.650078,4.743925,10000,10000,"1,2,3,4,5,6,7,8,9,10,11,12,13,14,15",7
01d7cf0a-7f63-4e4c-878c-b3d4d41a4d01,2026-03-29T20:52:59.207118+00:00,multi-shot-lazy,multi-shot,lazy,hybrid,/Volumes/ZGMF-X20A/GARYU/ironAPE/APE_Example/defect_concentration/config.json,/Volumes/ZGMF-X20A/GARYU/ironAPE/APE_Example/MaterialsScience_taxonomy.owl,94,/Volumes/ZGMF-X20A/GARYU/ironAPE/APE_Example/tool_annotations.json,28,/Volumes/ZGMF-X20A/GARYU/ironAPE/APE_Example/defect_concentration/constraints_empty.json,0,candidate_lazy,lazy_candidate,run,390,0.006786,19.906,0.001650,22.203,0.079871,0.016905,0.000357,0.103920,1,1,"1,2,3,4,5,6,7,8,9",7
9440bfe3-ab64-4c88-a275-db14008f3973,2026-03-29T20:52:59.207114+00:00,single-shot-lazy,single-shot,lazy,hybrid,/Volumes/ZGMF-X20A/GARYU/ironAPE/APE_Example/defect_concentration/config.json,/Volumes/ZGMF-X20A/GARYU/ironAPE/APE_Example/MaterialsScience_taxonomy.owl,94,/Volumes/ZGMF-X20A/GARYU/ironAPE/APE_Example/tool_annotations.json,28,/Volumes/ZGMF-X20A/GARYU/ironAPE/APE_Example/defect_concentration/constraints_empty.json,0,candidate_lazy,lazy_candidate,run,390,0.006794,20.156,0.003345,23.234,0.386963,0.037121,0.000478,0.431357,1,1,"1,2,3,4,5,6,7,8,9",7
59d74460-86f4-45a9-b8b2-fc2f09a21a2b,2026-03-29T20:52:59.207035+00:00,single-shot,single-shot,legacy,hybrid,/Volumes/ZGMF-X20A/GARYU/ironAPE/APE_Example/defect_concentration/config.json,/Volumes/ZGMF-X20A/GARYU/ironAPE/APE_Example/MaterialsScience_taxonomy.owl,94,/Volumes/ZGMF-X20A/GARYU/ironAPE/APE_Example/tool_annotations.json,28,/Volumes/ZGMF-X20A/GARYU/ironAPE/APE_Example/defect_concentration/constraints_empty.json,0,runtime_legacy,legacy,run,395,0.006704,20.031,0.004770,24.484,0.427048,0.055482,0.000380,0.489615,1,1,"1,2,3,4,5,6,7,8,9",7
2ddaa6e0-a3a9-4241-8486-9f0d0dba90be,2026-03-29T20:53:20.604545+00:00,single-shot-lazy,single-shot,lazy,hybrid,/Volumes/ZGMF-X20A/GARYU/ironAPE/APE_Example/defect_concentration/config.json,/Volumes/ZGMF-X20A/GARYU/ironAPE/APE_Example/MaterialsScience_taxonomy.owl,94,/Volumes/ZGMF-X20A/GARYU/ironAPE/APE_Example/tool_annotations.json,28,/Volumes/ZGMF-X20A/GARYU/ironAPE/APE_Example/defect_concentration/constraints_empty.json,0,candidate_lazy,lazy_candidate,translate_only,390,0.005890,18.906,,,0.000000,0.000000,0.000000,0.005890,0,0,,
9b518bee-7259-4c60-b90c-7e1ba45b2d1d,2026-03-29T20:53:20.604565+00:00,multi-shot-lazy,multi-shot,lazy,hybrid,/Volumes/ZGMF-X20A/GARYU/ironAPE/APE_Example/defect_concentration/config.json,/Volumes/ZGMF-X20A/GARYU/ironAPE/APE_Example/MaterialsScience_taxonomy.owl,94,/Volumes/ZGMF-X20A/GARYU/ironAPE/APE_Example/tool_annotations.json,28,/Volumes/ZGMF-X20A/GARYU/ironAPE/APE_Example/defect_concentration/constraints_empty.json,0,candidate_lazy,lazy_candidate,ground_only_full,390,0.005732,19.469,0.001622,21.906,0.165575,0.000000,0.000000,0.171307,0,0,"1,2,3,4,5,6,7,8,9",
ede29609-6c56-4adc-884b-fecbd643cabc,2026-03-29T21:03:47.651050+00:00,multi-shot-lazy,multi-shot,lazy,hybrid,/Volumes/ZGMF-X20A/GARYU/ironAPE/APE_Example/defect_concentration/config.json,/Volumes/ZGMF-X20A/GARYU/ironAPE/APE_Example/MaterialsScience_taxonomy.owl,94,/Volumes/ZGMF-X20A/GARYU/ironAPE/APE_Example/tool_annotations.json,28,/Volumes/ZGMF-X20A/GARYU/ironAPE/APE_Example/defect_concentration/constraints_empty.json,0,candidate_lazy,lazy_candidate,run,390,0.005777,18.453,0.001780,20.656,0.077185,1.420742,0.279338,1.783043,5136,5136,"1,2,3,4,5,6,7,8,9",7
4204b4a8-91a9-4961-b032-66dc614e1cd8,2026-03-29T21:04:57.849505+00:00,single-shot-lazy,single-shot,lazy,hybrid,/Volumes/ZGMF-X20A/GARYU/ironAPE/APE_Example/defect_concentration/config.json,/Volumes/ZGMF-X20A/GARYU/ironAPE/APE_Example/MaterialsScience_taxonomy.owl,94,/Volumes/ZGMF-X20A/GARYU/ironAPE/APE_Example/tool_annotations.json,28,/Volumes/ZGMF-X20A/GARYU/ironAPE/APE_Example/defect_concentration/constraints_empty.json,0,candidate_lazy,lazy_candidate,run,390,0.005508,18.422,0.003436,21.938,0.331772,1.464141,0.296806,2.098226,5136,5136,"1,2,3,4,5,6,7,8,9",7
3cbcdf72-13df-4284-bb42-ff669919b921,2026-03-29T21:05:07.964090+00:00,single-shot,single-shot,legacy,hybrid,/Volumes/ZGMF-X20A/GARYU/ironAPE/APE_Example/defect_concentration/config.json,/Volumes/ZGMF-X20A/GARYU/ironAPE/APE_Example/MaterialsScience_taxonomy.owl,94,/Volumes/ZGMF-X20A/GARYU/ironAPE/APE_Example/tool_annotations.json,28,/Volumes/ZGMF-X20A/GARYU/ironAPE/APE_Example/defect_concentration/constraints_empty.json,0,runtime_legacy,legacy,run,395,0.006260,19.781,0.005589,23.906,0.380694,3.187458,0.655401,4.229813,10000,10000,"1,2,3,4,5,6,7,8,9",7
13a6ed0e-8abb-492d-8ac9-0f28dbf5aade,2026-03-29T21:05:25.205350+00:00,multi-shot,multi-shot,legacy,hybrid,/Volumes/ZGMF-X20A/GARYU/ironAPE/APE_Example/defect_concentration/config.json,/Volumes/ZGMF-X20A/GARYU/ironAPE/APE_Example/MaterialsScience_taxonomy.owl,94,/Volumes/ZGMF-X20A/GARYU/ironAPE/APE_Example/tool_annotations.json,28,/Volumes/ZGMF-X20A/GARYU/ironAPE/APE_Example/defect_concentration/constraints_empty.json,0,runtime_legacy,legacy,run,391,0.004792,18.422,0.002831,21.984,0.132302,3.275517,0.650665,4.063276,10000,10000,"1,2,3,4,5,6,7,8,9",7
b149656c-3e63-4f6d-863e-33f83b8945e9,2026-03-29T21:05:54.718332+00:00,multi-shot-opt,multi-shot,opt,hybrid,/Volumes/ZGMF-X20A/GARYU/ironAPE/APE_Example/defect_concentration/config.json,/Volumes/ZGMF-X20A/GARYU/ironAPE/APE_Example/MaterialsScience_taxonomy.owl,94,/Volumes/ZGMF-X20A/GARYU/ironAPE/APE_Example/tool_annotations.json,28,/Volumes/ZGMF-X20A/GARYU/ironAPE/APE_Example/defect_concentration/constraints_empty.json,0,candidate_full_variants,candidate,run,387,0.005038,18.422,0.001657,20.625,0.185123,3.430568,0.693373,4.314103,10000,10000,"1,2,3,4,5,6,7,8,9",7
448bb23e-a6dd-48f8-aeae-e63b375aae01,2026-03-29T21:12:56.563160+00:00,multi-shot-lazy,multi-shot,lazy,hybrid,/Volumes/ZGMF-X20A/GARYU/ironAPE/APE_Example/defect_concentration/config.json,/Volumes/ZGMF-X20A/GARYU/ironAPE/APE_Example/MaterialsScience_taxonomy.owl,94,/Volumes/ZGMF-X20A/GARYU/ironAPE/APE_Example/tool_annotations.json,28,/Volumes/ZGMF-X20A/GARYU/ironAPE/APE_Example/defect_concentration/constraints_empty.json,0,candidate_lazy,lazy_candidate,run,390,0.005560,20.125,0.001618,22.312,0.079427,1.504386,0.279615,1.868988,5136,5136,"1,2,3,4,5,6,7,8,9",7
bbc9572d-b422-4d54-83a8-931389751ffe,2026-03-29T21:12:56.563162+00:00,single-shot-lazy,single-shot,lazy,hybrid,/Volumes/ZGMF-X20A/GARYU/ironAPE/APE_Example/defect_concentration/config.json,/Volumes/ZGMF-X20A/GARYU/ironAPE/APE_Example/MaterialsScience_taxonomy.owl,94,/Volumes/ZGMF-X20A/GARYU/ironAPE/APE_Example/tool_annotations.json,28,/Volumes/ZGMF-X20A/GARYU/ironAPE/APE_Example/defect_concentration/constraints_empty.json,0,candidate_lazy,lazy_candidate,run,390,0.005567,20.156,0.003170,23.297,0.377819,1.595898,0.304115,2.283398,5136,5136,"1,2,3,4,5,6,7,8,9",7
7649b8f7-0ff2-4bc8-b6d5-bc8f5f2edbd0,2026-03-29T21:15:40.920015+00:00,multi-shot-lazy,multi-shot,lazy,hybrid,/Volumes/ZGMF-X20A/GARYU/ironAPE/APE_Example/defect_concentration/config.json,/Volumes/ZGMF-X20A/GARYU/ironAPE/APE_Example/MaterialsScience_taxonomy.owl,94,/Volumes/ZGMF-X20A/GARYU/ironAPE/APE_Example/tool_annotations.json,28,/Volumes/ZGMF-X20A/GARYU/ironAPE/APE_Example/defect_concentration/constraints_empty.json,0,candidate_lazy,lazy_candidate,run,390,0.005239,19.344,0.001624,21.625,0.110948,3.361320,0.562153,4.039660,10000,10000,"1,2,3,4,5,6,7,8,9",7
e17e0219-4c95-48c8-ab59-f8c6d2e3f6f0,2026-03-29T21:15:40.920064+00:00,single-shot-lazy,single-shot,lazy,hybrid,/Volumes/ZGMF-X20A/GARYU/ironAPE/APE_Example/defect_concentration/config.json,/Volumes/ZGMF-X20A/GARYU/ironAPE/APE_Example/MaterialsScience_taxonomy.owl,94,/Volumes/ZGMF-X20A/GARYU/ironAPE/APE_Example/tool_annotations.json,28,/Volumes/ZGMF-X20A/GARYU/ironAPE/APE_Example/defect_concentration/constraints_empty.json,0,candidate_lazy,lazy_candidate,run,390,0.005565,18.797,0.004524,23.078,0.383715,3.095885,0.605384,4.090548,10000,10000,"1,2,3,4,5,6,7,8,9",7
9ad81df7-0407-4861-b1ee-8e35774b9027,2026-03-29T21:16:32.363953+00:00,multi-shot-lazy,multi-shot,lazy,hybrid,/Volumes/ZGMF-X20A/GARYU/ironAPE/APE_Example/defect_concentration/config.json,/Volumes/ZGMF-X20A/GARYU/ironAPE/APE_Example/MaterialsScience_taxonomy.owl,94,/Volumes/ZGMF-X20A/GARYU/ironAPE/APE_Example/tool_annotations.json,28,/Volumes/ZGMF-X20A/GARYU/ironAPE/APE_Example/defect_concentration/constraints_empty.json,0,candidate_lazy,lazy_candidate,run,390,0.005788,19.844,0.001861,22.391,0.118181,3.152563,0.579405,3.855937,10000,10000,"1,2,3,4,5,6,7,8,9",7
798caec5-0dbc-424e-b93b-24d77927a3c9,2026-03-29T21:25:39.032275+00:00,multi-shot-lazy,multi-shot,lazy,hybrid,/Volumes/ZGMF-X20A/GARYU/ironAPE/APE_Example/biotools/config.json,/Volumes/ZGMF-X20A/GARYU/ironAPE/APE_Example/biotools/edam.owl,3421,/Volumes/ZGMF-X20A/GARYU/ironAPE/APE_Example/biotools/full_bio.tools.json,1678,/Volumes/ZGMF-X20A/GARYU/ironAPE/APE_Example/biotools/constraints_empty.json,0,candidate_lazy,lazy_candidate,ground_only_full,1123147,0.869263,226.672,0.349397,630.984,2.124046,0.000000,0.000000,2.993309,0,0,1,
b8a81698-f93f-4606-af1b-ff0e98407bee,2026-03-29T21:25:38.162983+00:00,multi-shot-lazy,multi-shot,lazy,hybrid,/Volumes/ZGMF-X20A/GARYU/ironAPE/APE_Example/defect_concentration/config.json,/Volumes/ZGMF-X20A/GARYU/ironAPE/APE_Example/MaterialsScience_taxonomy.owl,94,/Volumes/ZGMF-X20A/GARYU/ironAPE/APE_Example/tool_annotations.json,28,/Volumes/ZGMF-X20A/GARYU/ironAPE/APE_Example/defect_concentration/constraints_empty.json,0,candidate_lazy,lazy_candidate,run,390,0.006473,22.156,0.001459,24.766,0.114746,3.329095,0.590014,4.040328,10000,10000,"1,2,3,4,5,6,7,8,9",7
31832111-ccbc-4043-a884-b5b905cedabf,2026-03-29T21:26:57.697030+00:00,multi-shot-lazy,multi-shot,lazy,hybrid,/Volumes/ZGMF-X20A/GARYU/ironAPE/APE_Example/defect_concentration/config.json,/Volumes/ZGMF-X20A/GARYU/ironAPE/APE_Example/MaterialsScience_taxonomy.owl,94,/Volumes/ZGMF-X20A/GARYU/ironAPE/APE_Example/tool_annotations.json,28,/Volumes/ZGMF-X20A/GARYU/ironAPE/APE_Example/defect_concentration/constraints_empty.json,0,candidate_lazy,lazy_candidate,run,390,0.005394,18.750,0.001628,21.250,0.110841,3.235907,0.586111,3.938253,10000,10000,"1,2,3,4,5,6,7,8,9",7
87bb9ffd-8ecf-411e-b2c4-57c2a84eae60,2026-03-29T21:35:53.630117+00:00,multi-shot-lazy,multi-shot,lazy,hybrid,/Volumes/ZGMF-X20A/GARYU/ironAPE/APE_Example/defect_concentration/config.json,/Volumes/ZGMF-X20A/GARYU/ironAPE/APE_Example/MaterialsScience_taxonomy.owl,94,/Volumes/ZGMF-X20A/GARYU/ironAPE/APE_Example/tool_annotations.json,28,/Volumes/ZGMF-X20A/GARYU/ironAPE/APE_Example/defect_concentration/constraints_empty.json,0,candidate_lazy,lazy_candidate,run,390,0.006233,20.062,0.002077,22.656,0.003742,0.000135,0.000313,0.010424,0,0,"7,8",
cf0d601f-c1fa-4eaf-b46f-a8b023754ea9,2026-03-29T21:36:32.129134+00:00,multi-shot-lazy,multi-shot,lazy,hybrid,/Volumes/ZGMF-X20A/GARYU/ironAPE/APE_Example/defect_concentration/config.json,/Volumes/ZGMF-X20A/GARYU/ironAPE/APE_Example/MaterialsScience_taxonomy.owl,94,/Volumes/ZGMF-X20A/GARYU/ironAPE/APE_Example/tool_annotations.json,28,/Volumes/ZGMF-X20A/GARYU/ironAPE/APE_Example/defect_concentration/constraints_empty.json,0,candidate_lazy,lazy_candidate,run,390,0.005956,19.547,0.002195,22.578,0.007702,0.000401,0.000327,0.014387,0,0,"7,8",
9ceb2ec2-1c5a-4956-803a-03c53d697107,2026-03-29T21:38:03.506373+00:00,multi-shot-lazy,multi-shot,lazy,hybrid,/Volumes/ZGMF-X20A/GARYU/ironAPE/APE_Example/defect_concentration/config.json,/Volumes/ZGMF-X20A/GARYU/ironAPE/APE_Example/MaterialsScience_taxonomy.owl,94,/Volumes/ZGMF-X20A/GARYU/ironAPE/APE_Example/tool_annotations.json,28,/Volumes/ZGMF-X20A/GARYU/ironAPE/APE_Example/defect_concentration/constraints_empty.json,0,candidate_lazy,lazy_candidate,run,390,0.014411,20.516,0.002034,23.016,0.003243,0.000121,0.000298,0.018073,0,0,"1,2,3,4,5,6,7,8",
64c124f9-5c9b-4e27-a037-78b653ebf0e7,2026-03-29T21:38:23.990141+00:00,multi-shot-lazy,multi-shot,lazy,hybrid,/Volumes/ZGMF-X20A/GARYU/ironAPE/APE_Example/defect_concentration/config.json,/Volumes/ZGMF-X20A/GARYU/ironAPE/APE_Example/MaterialsScience_taxonomy.owl,94,/Volumes/ZGMF-X20A/GARYU/ironAPE/APE_Example/tool_annotations.json,28,/Volumes/ZGMF-X20A/GARYU/ironAPE/APE_Example/defect_concentration/constraints_empty.json,0,candidate_lazy,lazy_candidate,run,390,0.005743,20.453,0.002015,23.062,0.091068,0.624882,0.146982,0.868676,2088,2088,"1,2,3,4,5,6,7,8",7
12246f93-0241-4c04-9396-83c6f0dbdc9c,2026-03-29T21:39:30.259694+00:00,multi-shot-lazy,multi-shot,lazy,hybrid,/Volumes/ZGMF-X20A/GARYU/ironAPE/APE_Example/biotools/config.json,/Volumes/ZGMF-X20A/GARYU/ironAPE/APE_Example/biotools/edam.owl,3421,/Volumes/ZGMF-X20A/GARYU/ironAPE/APE_Example/biotools/full_bio.tools.json,1678,/Volumes/ZGMF-X20A/GARYU/ironAPE/APE_Example/biotools/constraints_empty.json,0,candidate_lazy,lazy_candidate,translate_only,1123147,0.928131,231.641,,,0.000000,0.000000,0.000000,0.928131,0,0,,
77f3cc87-4bb7-4fd6-bae8-c5c4f386fdb9,2026-03-29T21:39:59.159047+00:00,multi-shot-lazy,multi-shot,lazy,hybrid,/Volumes/ZGMF-X20A/GARYU/ironAPE/APE_Example/biotools/config.json,/Volumes/ZGMF-X20A/GARYU/ironAPE/APE_Example/biotools/edam.owl,3421,/Volumes/ZGMF-X20A/GARYU/ironAPE/APE_Example/biotools/full_bio.tools.json,1678,/Volumes/ZGMF-X20A/GARYU/ironAPE/APE_Example/biotools/constraints_empty.json,0,candidate_lazy,lazy_candidate,run,1123147,0.908683,234.734,0.441556,634.078,2.753460,0.123263,0.016709,3.802115,1,1,1,1
fd6b30a1-e28b-4621-b58a-75fc9e836d8c,2026-03-29T21:42:57.352210+00:00,multi-shot-lazy,multi-shot,lazy,hybrid,/Volumes/ZGMF-X20A/GARYU/ironAPE/APE_Example/defect_concentration/config.json,/Volumes/ZGMF-X20A/GARYU/ironAPE/APE_Example/MaterialsScience_taxonomy.owl,94,/Volumes/ZGMF-X20A/GARYU/ironAPE/APE_Example/tool_annotations.json,28,/Volumes/ZGMF-X20A/GARYU/ironAPE/APE_Example/defect_concentration/constraints_empty.json,0,candidate_lazy,lazy_candidate,run,390,0.012300,22.078,0.002053,24.562,0.089092,0.666139,0.117703,0.885233,2088,2088,"1,2,3,4,5,6,7,8",7
0ebd5238-f648-4ed8-aef9-58717ac8e247,2026-03-29T21:44:49.031251+00:00,multi-shot-lazy,multi-shot,lazy,hybrid,/Volumes/ZGMF-X20A/GARYU/ironAPE/APE_Example/defect_concentration/config.json,/Volumes/ZGMF-X20A/GARYU/ironAPE/APE_Example/MaterialsScience_taxonomy.owl,94,/Volumes/ZGMF-X20A/GARYU/ironAPE/APE_Example/tool_annotations.json,28,/Volumes/ZGMF-X20A/GARYU/ironAPE/APE_Example/defect_concentration/constraints_empty.json,0,candidate_lazy,lazy_candidate,run,390,0.014551,21.000,0.002720,23.797,0.126195,0.757318,0.141006,1.039070,2088,2088,"1,2,3,4,5,6,7,8",7
403c3988-2e2f-40a7-a60f-c0dc8b7292b7,2026-03-29T21:44:50.036171+00:00,multi-shot-lazy,multi-shot,lazy,hybrid,/Volumes/ZGMF-X20A/GARYU/ironAPE/APE_Example/biotools/config.json,/Volumes/ZGMF-X20A/GARYU/ironAPE/APE_Example/biotools/edam.owl,3421,/Volumes/ZGMF-X20A/GARYU/ironAPE/APE_Example/biotools/full_bio.tools.json,1678,/Volumes/ZGMF-X20A/GARYU/ironAPE/APE_Example/biotools/constraints_empty.json,0,candidate_lazy,lazy_candidate,run,1123147,1.018525,235.875,0.490841,600.156,3.675119,0.270670,0.023521,4.987835,1,1,1,1
e80b002f-c316-461c-b336-cf0fbaf59ef1,2026-03-29T21:44:50.120951+00:00,multi-shot-lazy,multi-shot,lazy,hybrid,/Volumes/ZGMF-X20A/GARYU/ironAPE/APE_Example/biotools/config.json,/Volumes/ZGMF-X20A/GARYU/ironAPE/APE_Example/biotools/edam.owl,3421,/Volumes/ZGMF-X20A/GARYU/ironAPE/APE_Example/biotools/full_bio.tools.json,1678,/Volumes/ZGMF-X20A/GARYU/ironAPE/APE_Example/biotools/constraints_empty.json,0,candidate_lazy,lazy_candidate,run,1123147,1.102554,229.609,0.503867,614.469,3.684838,3.365510,0.042888,8.195790,1000,1000,1,1
95fa48c7-3695-42c1-93e0-80860b768fe4,2026-03-29T21:40:27.461798+00:00,multi-shot,multi-shot,legacy,hybrid,/Volumes/ZGMF-X20A/GARYU/ironAPE/APE_Example/biotools/config.json,/Volumes/ZGMF-X20A/GARYU/ironAPE/APE_Example/biotools/edam.owl,3421,/Volumes/ZGMF-X20A/GARYU/ironAPE/APE_Example/biotools/full_bio.tools.json,1678,/Volumes/ZGMF-X20A/GARYU/ironAPE/APE_Example/biotools/constraints_empty.json,0,runtime_legacy,legacy,run,29895,0.121115,46.922,5.804590,2785.484,260.729576,49.537921,0.029205,310.417817,1000,1000,1,1
6975926b-f122-4411-a1ee-3e65e0d4bead,2026-03-29T21:48:56.305639+00:00,multi-shot-lazy,multi-shot,lazy,hybrid,/Volumes/ZGMF-X20A/GARYU/ironAPE/APE_Example/biotools/config.json,/Volumes/ZGMF-X20A/GARYU/ironAPE/APE_Example/biotools/edam.owl,3421,/Volumes/ZGMF-X20A/GARYU/ironAPE/APE_Example/biotools/full_bio.tools.json,1678,/Volumes/ZGMF-X20A/GARYU/ironAPE/APE_Example/biotools/constraints_empty.json,0,candidate_lazy,lazy_candidate,run,1123147,1.213576,235.812,0.567352,606.375,4.018926,6.132039,0.043134,11.407675,1000,1000,1,1
6d047547-c7de-43bc-8acc-f2c8f732ace7,2026-03-29T21:57:23.683134+00:00,multi-shot-lazy,multi-shot,lazy,hybrid,/Volumes/ZGMF-X20A/GARYU/ironAPE/APE_Example/defect_concentration/config.json,/Volumes/ZGMF-X20A/GARYU/ironAPE/APE_Example/MaterialsScience_taxonomy.owl,94,/Volumes/ZGMF-X20A/GARYU/ironAPE/APE_Example/tool_annotations.json,28,/Volumes/ZGMF-X20A/GARYU/ironAPE/APE_Example/defect_concentration/constraints_empty.json,0,candidate_lazy,lazy_candidate,run,390,0.012777,19.984,0.002738,22.562,0.006800,0.000631,0.000300,0.020509,0,0,"1,2",
1b66c776-6e93-48b0-aab3-98840071cfac,2026-03-29T22:01:18.394608+00:00,multi-shot-lazy,multi-shot,lazy,hybrid,/Volumes/ZGMF-X20A/GARYU/ironAPE/APE_Example/defect_concentration/config.json,/Volumes/ZGMF-X20A/GARYU/ironAPE/APE_Example/MaterialsScience_taxonomy.owl,94,/Volumes/ZGMF-X20A/GARYU/ironAPE/APE_Example/tool_annotations.json,28,/Volumes/ZGMF-X20A/GARYU/ironAPE/APE_Example/defect_concentration/constraints_empty.json,0,candidate_lazy,lazy_candidate,run,390,0.005722,19.922,0.001955,22.438,0.005307,0.000273,0.000360,0.011660,0,0,"1,2",
5dddccff-53ee-47a1-90c4-0e7ec7728637,2026-03-29T22:04:57.024352+00:00,multi-shot-lazy,multi-shot,lazy,hybrid,/Volumes/ZGMF-X20A/GARYU/ironAPE/APE_Example/defect_concentration/config.json,/Volumes/ZGMF-X20A/GARYU/ironAPE/APE_Example/MaterialsScience_taxonomy.owl,94,/Volumes/ZGMF-X20A/GARYU/ironAPE/APE_Example/tool_annotations.json,28,/Volumes/ZGMF-X20A/GARYU/ironAPE/APE_Example/defect_concentration/constraints_empty.json,0,candidate_lazy,lazy_candidate,run,393,0.006066,21.984,0.002075,25.078,0.005364,0.000244,0.000300,0.011974,0,0,"1,2",
bc3414eb-b533-4753-9c38-429a44d334ae,2026-03-29T22:07:18.609665+00:00,multi-shot-lazy,multi-shot,lazy,hybrid,/Volumes/ZGMF-X20A/GARYU/ironAPE/APE_Example/defect_concentration/config.json,/Volumes/ZGMF-X20A/GARYU/ironAPE/APE_Example/MaterialsScience_taxonomy.owl,94,/Volumes/ZGMF-X20A/GARYU/ironAPE/APE_Example/tool_annotations.json,28,/Volumes/ZGMF-X20A/GARYU/ironAPE/APE_Example/defect_concentration/constraints_empty.json,0,candidate_lazy,lazy_candidate,run,393,0.005922,20.094,0.002160,22.844,0.005364,0.000245,0.000301,0.011832,0,0,"1,2",
fa06868c-c50b-4a81-aacd-4c678b1a32ce,2026-03-29T22:10:36.738741+00:00,multi-shot-lazy,multi-shot,lazy,hybrid,/Volumes/ZGMF-X20A/GARYU/ironAPE/APE_Example/defect_concentration/config.json,/Volumes/ZGMF-X20A/GARYU/ironAPE/APE_Example/MaterialsScience_taxonomy.owl,94,/Volumes/ZGMF-X20A/GARYU/ironAPE/APE_Example/tool_annotations.json,28,/Volumes/ZGMF-X20A/GARYU/ironAPE/APE_Example/defect_concentration/constraints_empty.json,0,candidate_lazy,lazy_candidate,run,393,0.005538,19.391,0.001996,22.234,0.005217,0.000294,0.000276,0.011325,0,0,"1,2,3,4,5,6,7,8,9",
a4e6aea7-9b48-4dbd-b8c1-8fa16fc142cc,2026-03-29T22:10:51.097890+00:00,multi-shot-lazy,multi-shot,lazy,hybrid,/Volumes/ZGMF-X20A/GARYU/ironAPE/APE_Example/defect_concentration/config.json,/Volumes/ZGMF-X20A/GARYU/ironAPE/APE_Example/MaterialsScience_taxonomy.owl,94,/Volumes/ZGMF-X20A/GARYU/ironAPE/APE_Example/tool_annotations.json,28,/Volumes/ZGMF-X20A/GARYU/ironAPE/APE_Example/defect_concentration/constraints_empty.json,0,candidate_lazy,lazy_candidate,run,393,0.005688,20.500,0.002134,23.453,0.005396,0.000302,0.000452,0.011838,0,0,"1,2,3,4,5,6,7,8,9",
ffe437c6-5289-43f9-b261-8ce7cebd292d,2026-03-29T22:13:50.206027+00:00,multi-shot-lazy,multi-shot,lazy,hybrid,/Volumes/ZGMF-X20A/GARYU/ironAPE/APE_Example/defect_concentration/config.json,/Volumes/ZGMF-X20A/GARYU/ironAPE/APE_Example/MaterialsScience_taxonomy.owl,94,/Volumes/ZGMF-X20A/GARYU/ironAPE/APE_Example/tool_annotations.json,28,/Volumes/ZGMF-X20A/GARYU/ironAPE/APE_Example/defect_concentration/constraints_empty.json,0,candidate_lazy,lazy_candidate,run,390,0.006904,23.281,0.002031,25.781,0.015369,0.000597,0.000287,0.023157,0,0,"1,2,3,4,5,6,7,8,9",
6d32bdc0-e79f-4dba-b2b7-459f30d4b394,2026-03-29T22:14:18.451417+00:00,single-shot-lazy,single-shot,lazy,hybrid,/Volumes/ZGMF-X20A/GARYU/ironAPE/APE_Example/defect_concentration/config.json,/Volumes/ZGMF-X20A/GARYU/ironAPE/APE_Example/MaterialsScience_taxonomy.owl,94,/Volumes/ZGMF-X20A/GARYU/ironAPE/APE_Example/tool_annotations.json,28,/Volumes/ZGMF-X20A/GARYU/ironAPE/APE_Example/defect_concentration/constraints_empty.json,0,candidate_lazy,lazy_candidate,run,390,0.005914,18.984,0.004778,23.688,0.424168,3.293841,0.647531,4.371454,10000,10000,"1,2,3,4,5,6,7,8,9",7
a78b36ac-fe47-426f-84dd-0f61a5e75425,2026-03-29T22:14:18.451117+00:00,multi-shot,multi-shot,legacy,hybrid,/Volumes/ZGMF-X20A/GARYU/ironAPE/APE_Example/defect_concentration/config.json,/Volumes/ZGMF-X20A/GARYU/ironAPE/APE_Example/MaterialsScience_taxonomy.owl,94,/Volumes/ZGMF-X20A/GARYU/ironAPE/APE_Example/tool_annotations.json,28,/Volumes/ZGMF-X20A/GARYU/ironAPE/APE_Example/defect_concentration/constraints_empty.json,0,runtime_legacy,legacy,run,391,0.005467,19.703,0.002871,23.062,0.148408,3.764615,0.708986,4.627476,10000,10000,"1,2,3,4,5,6,7,8,9",7
0bd6e6b6-f243-48e2-91b5-39983918fbc2,2026-03-29T22:14:59.311568+00:00,multi-shot-lazy,multi-shot,lazy,hybrid,/Volumes/ZGMF-X20A/GARYU/ironAPE/APE_Example/defect_concentration/config.json,/Volumes/ZGMF-X20A/GARYU/ironAPE/APE_Example/MaterialsScience_taxonomy.owl,94,/Volumes/ZGMF-X20A/GARYU/ironAPE/APE_Example/tool_annotations.json,28,/Volumes/ZGMF-X20A/GARYU/ironAPE/APE_Example/defect_concentration/constraints_empty.json,0,candidate_lazy,lazy_candidate,run,390,0.005735,19.500,0.002135,22.547,0.015722,0.000540,0.000312,0.022309,0,0,"1,2,3,4,5,6,7,8,9",
2985903d-48e0-4c21-8e31-ff0c8f6160de,2026-03-29T22:20:41.966300+00:00,multi-shot-lazy,multi-shot,lazy,hybrid,/Volumes/ZGMF-X20A/GARYU/ironAPE/APE_Example/defect_concentration/config.json,/Volumes/ZGMF-X20A/GARYU/ironAPE/APE_Example/MaterialsScience_taxonomy.owl,94,/Volumes/ZGMF-X20A/GARYU/ironAPE/APE_Example/tool_annotations.json,28,/Volumes/ZGMF-X20A/GARYU/ironAPE/APE_Example/defect_concentration/constraints_empty.json,0,candidate_lazy,lazy_candidate,run,390,0.005312,18.922,0.001943,21.922,0.016834,0.001118,0.000453,0.023716,0,0,"1,2,3,4,5,6,7,8,9",
b776a127-9dc0-4ec5-96cd-adb73efba64e,2026-03-29T22:20:57.789315+00:00,multi-shot-lazy,multi-shot,lazy,hybrid,/Volumes/ZGMF-X20A/GARYU/ironAPE/APE_Example/defect_concentration/config.json,/Volumes/ZGMF-X20A/GARYU/ironAPE/APE_Example/MaterialsScience_taxonomy.owl,94,/Volumes/ZGMF-X20A/GARYU/ironAPE/APE_Example/tool_annotations.json,28,/Volumes/ZGMF-X20A/GARYU/ironAPE/APE_Example/defect_concentration/constraints_empty.json,0,candidate_lazy,lazy_candidate,run,390,0.005138,18.469,0.002095,20.906,0.019433,0.001401,0.000521,0.026493,0,0,"1,2,3,4,5,6,7,8,9",
693fe679-8ea0-42ed-bce1-66663b51ee58,2026-03-29T22:22:01.217212+00:00,multi-shot-lazy,multi-shot,lazy,hybrid,/Volumes/ZGMF-X20A/GARYU/ironAPE/APE_Example/defect_concentration/config.json,/Volumes/ZGMF-X20A/GARYU/ironAPE/APE_Example/MaterialsScience_taxonomy.owl,94,/Volumes/ZGMF-X20A/GARYU/ironAPE/APE_Example/tool_annotations.json,28,/Volumes/ZGMF-X20A/GARYU/ironAPE/APE_Example/defect_concentration/constraints_empty.json,0,candidate_lazy,lazy_candidate,run,390,0.006302,18.938,0.002073,21.844,0.099212,3.183036,0.599996,3.888546,10000,10000,"1,2,3,4,5,6,7,8,9",7
1786cacb-deb3-477c-b9c3-986cd2908170,2026-03-29T22:22:26.675883+00:00,multi-shot-lazy,multi-shot,lazy,hybrid,/Volumes/ZGMF-X20A/GARYU/ironAPE/APE_Example/defect_concentration/config.json,/Volumes/ZGMF-X20A/GARYU/ironAPE/APE_Example/MaterialsScience_taxonomy.owl,94,/Volumes/ZGMF-X20A/GARYU/ironAPE/APE_Example/tool_annotations.json,28,/Volumes/ZGMF-X20A/GARYU/ironAPE/APE_Example/defect_concentration/constraints_empty.json,0,candidate_lazy,lazy_candidate,run,390,0.005298,18.516,0.001929,21.438,0.104838,3.340444,0.593052,4.043633,10000,10000,"1,2,3,4,5,6,7,8,9",7
e5fe449f-e9c4-4ef9-a2be-c1e3dd2436e5,2026-03-29T22:41:04.182360+00:00,multi-shot-lazy,multi-shot,lazy,hybrid,/Volumes/ZGMF-X20A/GARYU/ironAPE/APE_Example/defect_concentration/config.json,/Volumes/ZGMF-X20A/GARYU/ironAPE/APE_Example/MaterialsScience_taxonomy.owl,94,/Volumes/ZGMF-X20A/GARYU/ironAPE/APE_Example/tool_annotations.json,28,/Volumes/ZGMF-X20A/GARYU/ironAPE/APE_Example/defect_concentration/constraints_empty.json,0,candidate_lazy,lazy_candidate,run,390,0.007131,27.078,0.002753,29.938,0.088975,0.680230,0.118532,0.894867,2088,2088,"1,2,3,4,5,6,7,8",7
1f7c05dd-b14c-44e7-9791-0be09faaa4db,2026-03-29T22:58:56.251404+00:00,multi-shot-lazy,multi-shot,lazy,hybrid,/Volumes/ZGMF-X20A/GARYU/ironAPE/APE_Example/defect_concentration/config.json,/Volumes/ZGMF-X20A/GARYU/ironAPE/APE_Example/MaterialsScience_taxonomy.owl,94,/Volumes/ZGMF-X20A/GARYU/ironAPE/APE_Example/tool_annotations.json,28,/Volumes/ZGMF-X20A/GARYU/ironAPE/APE_Example/defect_concentration/constraints_empty.json,0,candidate_lazy,lazy_candidate,run,390,0.006493,24.672,0.003658,28.031,0.193192,0.862952,0.050146,1.112784,912,912,"1,2,3,4,5,6,7,8",7
19bb0969-e024-41e7-b217-61c560127439,2026-03-29T22:58:56.251089+00:00,multi-shot,multi-shot,legacy,hybrid,/Volumes/ZGMF-X20A/GARYU/ironAPE/APE_Example/defect_concentration/config.json,/Volumes/ZGMF-X20A/GARYU/ironAPE/APE_Example/MaterialsScience_taxonomy.owl,94,/Volumes/ZGMF-X20A/GARYU/ironAPE/APE_Example/tool_annotations.json,28,/Volumes/ZGMF-X20A/GARYU/ironAPE/APE_Example/defect_concentration/constraints_empty.json,0,runtime_legacy,legacy,run,391,0.006156,24.703,0.004290,28.859,0.181148,0.874422,0.057160,1.118887,912,912,"1,2,3,4,5,6,7,8",7
ee026894-1970-4013-8d8d-20eb249a3a02,2026-03-29T23:00:38.960235+00:00,multi-shot-lazy,multi-shot,lazy,hybrid,/Volumes/ZGMF-X20A/GARYU/ironAPE/APE_Example/defect_concentration/config.json,/Volumes/ZGMF-X20A/GARYU/ironAPE/APE_Example/MaterialsScience_taxonomy.owl,94,/Volumes/ZGMF-X20A/GARYU/ironAPE/APE_Example/tool_annotations.json,28,/Volumes/ZGMF-X20A/GARYU/ironAPE/APE_Example/defect_concentration/constraints_empty.json,0,candidate_lazy,lazy_candidate,run,390,0.005776,24.641,0.003458,28.000,0.191031,1.238716,0.075293,1.510816,1416,1416,"1,2,3,4,5,6,7,8",7
e39d4e8f-8483-4c3a-a17b-20171ffab202,2026-03-29T23:00:38.959918+00:00,multi-shot,multi-shot,legacy,hybrid,/Volumes/ZGMF-X20A/GARYU/ironAPE/APE_Example/defect_concentration/config.json,/Volumes/ZGMF-X20A/GARYU/ironAPE/APE_Example/MaterialsScience_taxonomy.owl,94,/Volumes/ZGMF-X20A/GARYU/ironAPE/APE_Example/tool_annotations.json,28,/Volumes/ZGMF-X20A/GARYU/ironAPE/APE_Example/defect_concentration/constraints_empty.json,0,runtime_legacy,legacy,run,391,0.005486,24.562,0.004158,28.484,0.186882,1.237346,0.086390,1.516105,1416,1416,"1,2,3,4,5,6,7,8",7
93b196eb-60c1-44c2-beef-7c756aa457d9,2026-03-29T23:01:22.113499+00:00,multi-shot-lazy,multi-shot,lazy,hybrid,/Volumes/ZGMF-X20A/GARYU/ironAPE/APE_Example/defect_concentration/config.json,/Volumes/ZGMF-X20A/GARYU/ironAPE/APE_Example/MaterialsScience_taxonomy.owl,94,/Volumes/ZGMF-X20A/GARYU/ironAPE/APE_Example/tool_annotations.json,28,/Volumes/ZGMF-X20A/GARYU/ironAPE/APE_Example/defect_concentration/constraints_empty.json,0,candidate_lazy,lazy_candidate,run,390,0.005518,24.625,0.003654,27.906,0.175546,0.932075,0.058158,1.171297,1080,1080,"1,2,3,4,5,6,7,8",7
5db00cb5-5b9f-4b84-97bc-7b8b38cd9a6f,2026-03-29T23:01:37.133776+00:00,multi-shot,multi-shot,legacy,hybrid,/Volumes/ZGMF-X20A/GARYU/ironAPE/APE_Example/defect_concentration/config.json,/Volumes/ZGMF-X20A/GARYU/ironAPE/APE_Example/MaterialsScience_taxonomy.owl,94,/Volumes/ZGMF-X20A/GARYU/ironAPE/APE_Example/tool_annotations.json,28,/Volumes/ZGMF-X20A/GARYU/ironAPE/APE_Example/defect_concentration/constraints_empty.json,0,runtime_legacy,legacy,run,391,0.005254,24.859,0.004620,28.938,0.183290,0.976735,0.062943,1.228222,1080,1080,"1,2,3,4,5,6,7,8",7
13da07c2-5820-4b2f-b421-72c0cac9bfbf,2026-03-29T23:04:50.565512+00:00,multi-shot-lazy,multi-shot,lazy,hybrid,/Volumes/ZGMF-X20A/GARYU/ironAPE/APE_Example/defect_concentration/config.json,/Volumes/ZGMF-X20A/GARYU/ironAPE/APE_Example/MaterialsScience_taxonomy.owl,94,/Volumes/ZGMF-X20A/GARYU/ironAPE/APE_Example/tool_annotations.json,28,/Volumes/ZGMF-X20A/GARYU/ironAPE/APE_Example/defect_concentration/constraints_empty.json,0,candidate_lazy,lazy_candidate,run,390,0.005214,18.547,0.003185,21.703,0.179610,0.786855,0.059174,1.030852,1080,1080,"1,2,3,4,5,6,7,8",7
729c18db-a3a1-47de-aa7a-05801db07530,2026-03-29T23:07:34.599976+00:00,multi-shot-lazy,multi-shot,lazy,hybrid,/Volumes/ZGMF-X20A/GARYU/ironAPE/APE_Example/defect_concentration/config.json,/Volumes/ZGMF-X20A/GARYU/ironAPE/APE_Example/MaterialsScience_taxonomy.owl,94,/Volumes/ZGMF-X20A/GARYU/ironAPE/APE_Example/tool_annotations.json,28,/Volumes/ZGMF-X20A/GARYU/ironAPE/APE_Example/defect_concentration/constraints_empty.json,0,candidate_lazy,lazy_candidate,run,390,0.005889,24.578,0.003572,27.938,0.176054,1.117450,0.065166,1.364559,1248,1248,"1,2,3,4,5,6,7,8",7
58c9a83c-8f91-44df-8669-8d53549afe53,2026-03-29T23:08:11.628447+00:00,multi-shot-lazy,multi-shot,lazy,hybrid,/Volumes/ZGMF-X20A/GARYU/ironAPE/APE_Example/defect_concentration/config.json,/Volumes/ZGMF-X20A/GARYU/ironAPE/APE_Example/MaterialsScience_taxonomy.owl,94,/Volumes/ZGMF-X20A/GARYU/ironAPE/APE_Example/tool_annotations.json,28,/Volumes/ZGMF-X20A/GARYU/ironAPE/APE_Example/defect_concentration/constraints_empty.json,0,candidate_lazy,lazy_candidate,run,390,0.006233,19.281,0.003323,22.312,0.180918,0.952818,0.069167,1.209136,1248,1248,"1,2,3,4,5,6,7,8",7
e81e7dce-57f4-4b9d-96cd-e1ae1e9f1019,2026-03-29T23:09:13.811519+00:00,multi-shot-lazy,multi-shot,lazy,hybrid,/Volumes/ZGMF-X20A/GARYU/ironAPE/APE_Example/defect_concentration/config.json,/Volumes/ZGMF-X20A/GARYU/ironAPE/APE_Example/MaterialsScience_taxonomy.owl,94,/Volumes/ZGMF-X20A/GARYU/ironAPE/APE_Example/tool_annotations.json,28,/Volumes/ZGMF-X20A/GARYU/ironAPE/APE_Example/defect_concentration/constraints_empty.json,0,candidate_lazy,lazy_candidate,run,390,0.005606,24.578,0.003420,28.047,0.172082,1.168130,0.070812,1.416630,1332,1332,"1,2,3,4,5,6,7,8",7
bd448506-efad-4e30-93e0-16d535edfd80,2026-03-29T23:09:29.186422+00:00,multi-shot,multi-shot,legacy,hybrid,/Volumes/ZGMF-X20A/GARYU/ironAPE/APE_Example/defect_concentration/config.json,/Volumes/ZGMF-X20A/GARYU/ironAPE/APE_Example/MaterialsScience_taxonomy.owl,94,/Volumes/ZGMF-X20A/GARYU/ironAPE/APE_Example/tool_annotations.json,28,/Volumes/ZGMF-X20A/GARYU/ironAPE/APE_Example/defect_concentration/constraints_empty.json,0,runtime_legacy,legacy,run,391,0.005663,24.562,0.004170,28.734,0.175205,1.209486,0.078254,1.468608,1332,1332,"1,2,3,4,5,6,7,8",7
e54b205f-9522-494e-9823-8788f98925da,2026-03-29T23:14:05.979844+00:00,multi-shot-lazy,multi-shot,lazy,hybrid,/Volumes/ZGMF-X20A/GARYU/ironAPE/APE_Example/defect_concentration/config.json,/Volumes/ZGMF-X20A/GARYU/ironAPE/APE_Example/MaterialsScience_taxonomy.owl,94,/Volumes/ZGMF-X20A/GARYU/ironAPE/APE_Example/tool_annotations.json,28,/Volumes/ZGMF-X20A/GARYU/ironAPE/APE_Example/defect_concentration/constraints_empty.json,0,candidate_lazy,lazy_candidate,run,390,0.005817,24.875,0.003513,28.188,0.180170,1.569033,0.097480,1.852500,1836,1836,"1,2,3,4,5,6,7,8",7
f15c6628-45a9-4121-bdf8-0f20f6d7bbd5,2026-03-29T23:14:40.602422+00:00,multi-shot-lazy,multi-shot,lazy,hybrid,/Volumes/ZGMF-X20A/GARYU/ironAPE/APE_Example/defect_concentration/config.json,/Volumes/ZGMF-X20A/GARYU/ironAPE/APE_Example/MaterialsScience_taxonomy.owl,94,/Volumes/ZGMF-X20A/GARYU/ironAPE/APE_Example/tool_annotations.json,28,/Volumes/ZGMF-X20A/GARYU/ironAPE/APE_Example/defect_concentration/constraints_empty.json,0,candidate_lazy,lazy_candidate,run,390,0.005995,19.188,0.003331,22.641,0.177411,1.354305,0.104105,1.641817,1836,1836,"1,2,3,4,5,6,7,8",7
c3ba6bc9-1d86-4965-bef2-029bd176adaa,2026-03-29T23:14:58.200833+00:00,multi-shot-lazy,multi-shot,lazy,hybrid,/Volumes/ZGMF-X20A/GARYU/ironAPE/APE_Example/defect_concentration/config.json,/Volumes/ZGMF-X20A/GARYU/ironAPE/APE_Example/MaterialsScience_taxonomy.owl,94,/Volumes/ZGMF-X20A/GARYU/ironAPE/APE_Example/tool_annotations.json,28,/Volumes/ZGMF-X20A/GARYU/ironAPE/APE_Example/defect_concentration/constraints_empty.json,0,candidate_lazy,lazy_candidate,run,390,0.005438,24.734,0.003567,28.062,0.185944,0.978618,0.058110,1.228109,1080,1080,"1,2,3,4,5,6,7,8",7
03daebd8-5fe7-442d-9466-39434546feca,2026-03-29T23:15:03.139690+00:00,multi-shot-lazy,multi-shot,lazy,hybrid,/Volumes/ZGMF-X20A/GARYU/ironAPE/APE_Example/defect_concentration/config.json,/Volumes/ZGMF-X20A/GARYU/ironAPE/APE_Example/MaterialsScience_taxonomy.owl,94,/Volumes/ZGMF-X20A/GARYU/ironAPE/APE_Example/tool_annotations.json,28,/Volumes/ZGMF-X20A/GARYU/ironAPE/APE_Example/defect_concentration/constraints_empty.json,0,candidate_lazy,lazy_candidate,run,390,0.006210,19.422,0.003742,22.203,0.179703,0.849498,0.058372,1.093783,1080,1080,"1,2,3,4,5,6,7,8",7
dea745e2-d420-4d90-8b6f-69316de9cfb3,2026-03-29T23:16:04.762143+00:00,multi-shot-lazy,multi-shot,lazy,hybrid,/Volumes/ZGMF-X20A/GARYU/ironAPE/APE_Example/defect_concentration/config.json,/Volumes/ZGMF-X20A/GARYU/ironAPE/APE_Example/MaterialsScience_taxonomy.owl,94,/Volumes/ZGMF-X20A/GARYU/ironAPE/APE_Example/tool_annotations.json,28,/Volumes/ZGMF-X20A/GARYU/ironAPE/APE_Example/defect_concentration/constraints_empty.json,0,candidate_lazy,lazy_candidate,run,390,0.005637,19.766,0.003663,22.562,0.179304,0.962706,0.072108,1.219756,1332,1332,"1,2,3,4,5,6,7,8",7
8d7ef3c1-69da-4706-8df3-a94c3ad57fca,2026-03-29T23:17:49.020412+00:00,multi-shot-lazy,multi-shot,lazy,hybrid,/Volumes/ZGMF-X20A/GARYU/ironAPE/APE_Example/defect_concentration/config.json,/Volumes/ZGMF-X20A/GARYU/ironAPE/APE_Example/MaterialsScience_taxonomy.owl,94,/Volumes/ZGMF-X20A/GARYU/ironAPE/APE_Example/tool_annotations.json,28,/Volumes/ZGMF-X20A/GARYU/ironAPE/APE_Example/defect_concentration/constraints_empty.json,0,candidate_lazy,lazy_candidate,run,390,0.005783,21.500,0.003008,24.531,0.179101,1.014226,0.076067,1.275178,1332,1332,"1,2,3,4,5,6,7,8",7
78f3cddc-4d03-43f3-9853-70fddf22badf,2026-03-29T23:18:21.559319+00:00,multi-shot-lazy,multi-shot,lazy,hybrid,/Volumes/ZGMF-X20A/GARYU/ironAPE/APE_Example/defect_concentration/config.json,/Volumes/ZGMF-X20A/GARYU/ironAPE/APE_Example/MaterialsScience_taxonomy.owl,94,/Volumes/ZGMF-X20A/GARYU/ironAPE/APE_Example/tool_annotations.json,28,/Volumes/ZGMF-X20A/GARYU/ironAPE/APE_Example/defect_concentration/constraints_empty.json,0,candidate_lazy,lazy_candidate,run,390,0.006059,19.734,0.003360,22.891,0.177022,0.787503,0.074244,1.044828,1332,1332,"1,2,3,4,5,6,7,8",7
e7f75d24-eb5a-441c-aa8e-3724dfc4bed1,2026-03-29T23:18:43.790616+00:00,multi-shot-lazy,multi-shot,lazy,hybrid,/Volumes/ZGMF-X20A/GARYU/ironAPE/APE_Example/defect_concentration/config.json,/Volumes/ZGMF-X20A/GARYU/ironAPE/APE_Example/MaterialsScience_taxonomy.owl,94,/Volumes/ZGMF-X20A/GARYU/ironAPE/APE_Example/tool_annotations.json,28,/Volumes/ZGMF-X20A/GARYU/ironAPE/APE_Example/defect_concentration/constraints_empty.json,0,candidate_lazy,lazy_candidate,run,390,0.005462,25.922,0.003501,29.281,0.173064,1.467997,0.069325,1.715848,1332,1332,"1,2,3,4,5,6,7,8",7
bfb97b32-9af9-4941-8536-435685e5bc37,2026-03-29T23:19:29.246857+00:00,multi-shot-lazy,multi-shot,lazy,hybrid,/Volumes/ZGMF-X20A/GARYU/ironAPE/APE_Example/defect_concentration/config.json,/Volumes/ZGMF-X20A/GARYU/ironAPE/APE_Example/MaterialsScience_taxonomy.owl,94,/Volumes/ZGMF-X20A/GARYU/ironAPE/APE_Example/tool_annotations.json,28,/Volumes/ZGMF-X20A/GARYU/ironAPE/APE_Example/defect_concentration/constraints_empty.json,0,candidate_lazy,lazy_candidate,run,390,0.005407,24.734,0.003621,28.109,0.172389,1.495355,0.069910,1.743061,1332,1332,"1,2,3,4,5,6,7,8",7
cfc3db74-998f-43b9-82cf-eda3c069b276,2026-03-29T23:20:39.394862+00:00,multi-shot-lazy,multi-shot,lazy,hybrid,/Volumes/ZGMF-X20A/GARYU/ironAPE/APE_Example/defect_concentration/config.json,/Volumes/ZGMF-X20A/GARYU/ironAPE/APE_Example/MaterialsScience_taxonomy.owl,94,/Volumes/ZGMF-X20A/GARYU/ironAPE/APE_Example/tool_annotations.json,28,/Volumes/ZGMF-X20A/GARYU/ironAPE/APE_Example/defect_concentration/constraints_empty.json,0,candidate_lazy,lazy_candidate,run,390,0.005723,24.906,0.003517,28.266,0.180232,1.468216,0.069452,1.723623,1332,1332,"1,2,3,4,5,6,7,8",7
552099af-e341-4a94-aa37-cf2277f7658f,2026-03-30T08:03:12.651299+00:00,multi-shot-lazy,multi-shot,lazy,hybrid,/Volumes/ZGMF-X20A/GARYU/ironAPE/APE_Example/defect_concentration/config.json,/Volumes/ZGMF-X20A/GARYU/ironAPE/APE_Example/MaterialsScience_taxonomy.owl,94,/Volumes/ZGMF-X20A/GARYU/ironAPE/APE_Example/tool_annotations.json,28,/Volumes/ZGMF-X20A/GARYU/ironAPE/APE_Example/defect_concentration/constraints_empty.json,0,candidate_lazy,lazy_candidate,run,392,0.022166,19.125,0.002987,22.219,0.385457,1.366914,2.976194,4.750731,1332,1332,"1,2,3,4,5,6,7,8",7
76820e30-c536-4abd-8acf-82f39e2de91d,2026-03-30T08:16:45.401429+00:00,multi-shot-lazy,multi-shot,lazy,hybrid,/Volumes/ZGMF-X20A/GARYU/ironAPE/APE_Example/defect_concentration/config.json,/Volumes/ZGMF-X20A/GARYU/ironAPE/APE_Example/MaterialsScience_taxonomy.owl,94,/Volumes/ZGMF-X20A/GARYU/ironAPE/APE_Example/tool_annotations.json,28,/Volumes/ZGMF-X20A/GARYU/ironAPE/APE_Example/defect_concentration/constraints_empty.json,0,candidate_lazy,lazy_candidate,run,392,0.005851,20.438,0.002638,23.438,0.406594,1.137656,0.072026,1.622127,1332,1332,"1,2,3,4,5,6,7,8",7
23b43200-37cc-4346-9589-e465bcd4f68a,2026-03-30T08:16:47.376238+00:00,multi-shot-lazy,multi-shot,lazy,hybrid,/Volumes/ZGMF-X20A/GARYU/ironAPE/APE_Example/defect_concentration/config.json,/Volumes/ZGMF-X20A/GARYU/ironAPE/APE_Example/MaterialsScience_taxonomy.owl,94,/Volumes/ZGMF-X20A/GARYU/ironAPE/APE_Example/tool_annotations.json,28,/Volumes/ZGMF-X20A/GARYU/ironAPE/APE_Example/defect_concentration/constraints_empty.json,0,candidate_lazy,lazy_candidate,run,392,0.005251,19.234,0.002452,22.109,0.375294,1.298040,0.072430,1.751016,1332,1332,"1,2,3,4,5,6,7,8",7
9eee4c72-05cf-4c70-b7de-bd7436e1ffee,2026-03-30T08:16:49.476437+00:00,multi-shot-lazy,multi-shot,lazy,hybrid,/Volumes/ZGMF-X20A/GARYU/ironAPE/APE_Example/defect_concentration/config.json,/Volumes/ZGMF-X20A/GARYU/ironAPE/APE_Example/MaterialsScience_taxonomy.owl,94,/Volumes/ZGMF-X20A/GARYU/ironAPE/APE_Example/tool_annotations.json,28,/Volumes/ZGMF-X20A/GARYU/ironAPE/APE_Example/defect_concentration/constraints_empty.json,0,candidate_lazy,lazy_candidate,run,392,0.004800,18.484,0.002511,21.734,0.377273,1.276423,0.070749,1.729245,1332,1332,"1,2,3,4,5,6,7,8",7
1a3d96d8-578a-4506-8ef6-effee06391e8,2026-03-30T08:18:14.616214+00:00,multi-shot-lazy,multi-shot,lazy,hybrid,/Volumes/ZGMF-X20A/GARYU/ironAPE/APE_Example/defect_concentration/config.json,/Volumes/ZGMF-X20A/GARYU/ironAPE/APE_Example/MaterialsScience_taxonomy.owl,94,/Volumes/ZGMF-X20A/GARYU/ironAPE/APE_Example/tool_annotations.json,28,/Volumes/ZGMF-X20A/GARYU/ironAPE/APE_Example/defect_concentration/constraints_empty.json,0,candidate_lazy,lazy_candidate,run,392,0.005473,18.781,0.002771,21.859,0.414791,1.311959,0.071317,1.803541,1332,1332,"1,2,3,4,5,6,7,8",7
3cfd8e25-6fe1-49f7-96bb-f9a1cdfd37ee,2026-03-30T08:26:58.445974+00:00,multi-shot-lazy,multi-shot,lazy,hybrid,/Volumes/ZGMF-X20A/GARYU/ironAPE/APE_Example/biotools/config.json,/Volumes/ZGMF-X20A/GARYU/ironAPE/APE_Example/biotools/edam.owl,3421,/Volumes/ZGMF-X20A/GARYU/ironAPE/APE_Example/biotools/full_bio.tools.json,1678,/Volumes/ZGMF-X20A/GARYU/ironAPE/APE_Example/biotools/constraints_empty.json,0,candidate_lazy,lazy_candidate,ground_only_base,881300,0.744701,186.781,140.848241,1277.875,140.848241,0.000000,0.000000,141.592943,0,0,,
0b651aa1-f484-4f22-aeb2-a0af0eb04e9e,2026-03-30T08:33:18.653308+00:00,multi-shot-lazy,multi-shot,lazy,hybrid,/Volumes/ZGMF-X20A/GARYU/ironAPE/APE_Example/biotools/config.json,/Volumes/ZGMF-X20A/GARYU/ironAPE/APE_Example/biotools/edam.owl,3421,/Volumes/ZGMF-X20A/GARYU/ironAPE/APE_Example/biotools/full_bio.tools.json,1678,/Volumes/ZGMF-X20A/GARYU/ironAPE/APE_Example/biotools/constraints_empty.json,0,candidate_lazy,lazy_candidate,ground_only_base,881300,0.755396,192.547,544.327478,1586.219,544.327478,0.000000,0.000000,545.082874,0,0,,
1eb52ad6-9eee-41c3-835f-fd99c44d9f8a,2026-03-30T08:49:25.893218+00:00,multi-shot-lazy,multi-shot,lazy,hybrid,/Volumes/ZGMF-X20A/GARYU/ironAPE/APE_Example/biotools/config.json,/Volumes/ZGMF-X20A/GARYU/ironAPE/APE_Example/biotools/edam.owl,3421,/Volumes/ZGMF-X20A/GARYU/ironAPE/APE_Example/biotools/full_bio.tools.json,1678,/Volumes/ZGMF-X20A/GARYU/ironAPE/APE_Example/biotools/constraints_empty.json,0,candidate_lazy,lazy_candidate,translate_only,881300,0.735959,205.375,,,0.000000,0.000000,0.000000,0.735959,0,0,,
2b037e32-aabd-4bfd-abb9-c0348f6cf0a0,2026-03-30T08:49:37.753613+00:00,multi-shot-lazy,multi-shot,lazy,hybrid,/Volumes/ZGMF-X20A/GARYU/ironAPE/APE_Example/biotools/config.json,/Volumes/ZGMF-X20A/GARYU/ironAPE/APE_Example/biotools/edam.owl,3421,/Volumes/ZGMF-X20A/GARYU/ironAPE/APE_Example/biotools/full_bio.tools.json,1678,/Volumes/ZGMF-X20A/GARYU/ironAPE/APE_Example/biotools/constraints_empty.json,0,candidate_lazy,lazy_candidate,translate_only,881300,0.746059,240.328,,,0.000000,0.000000,0.000000,0.746059,0,0,,
177ddfb0-4ff5-40bc-8cb1-2a6eb604afd1,2026-03-30T08:49:42.203124+00:00,multi-shot,multi-shot,legacy,hybrid,/Volumes/ZGMF-X20A/GARYU/ironAPE/APE_Example/biotools/config.json,/Volumes/ZGMF-X20A/GARYU/ironAPE/APE_Example/biotools/edam.owl,3421,/Volumes/ZGMF-X20A/GARYU/ironAPE/APE_Example/biotools/full_bio.tools.json,1678,/Volumes/ZGMF-X20A/GARYU/ironAPE/APE_Example/biotools/constraints_empty.json,0,runtime_legacy,legacy,translate_only,29895,0.117281,46.156,,,0.000000,0.000000,0.000000,0.117281,0,0,,
d170e1af-7a88-4111-adeb-2534667386ad,2026-03-30T08:50:32.045193+00:00,multi-shot-lazy,multi-shot,lazy,hybrid,/Volumes/ZGMF-X20A/GARYU/ironAPE/APE_Example/biotools/config.json,/Volumes/ZGMF-X20A/GARYU/ironAPE/APE_Example/biotools/edam.owl,3421,/Volumes/ZGMF-X20A/GARYU/ironAPE/APE_Example/biotools/full_bio.tools.json,1678,/Volumes/ZGMF-X20A/GARYU/ironAPE/APE_Example/biotools/constraints_empty.json,0,candidate_lazy,lazy_candidate,translate_only,881300,0.779105,220.266,,,0.000000,0.000000,0.000000,0.779105,0,0,,
6d78c0c2-5b46-4c9a-9c82-97b3aab62570,2026-03-30T09:06:36.806448+00:00,multi-shot-lazy,multi-shot,lazy,hybrid,/Volumes/ZGMF-X20A/GARYU/ironAPE/APE_Example/biotools/config.json,/Volumes/ZGMF-X20A/GARYU/ironAPE/APE_Example/biotools/edam.owl,3421,/Volumes/ZGMF-X20A/GARYU/ironAPE/APE_Example/biotools/full_bio.tools.json,1678,/Volumes/ZGMF-X20A/GARYU/ironAPE/APE_Example/biotools/constraints_empty.json,0,candidate_lazy,lazy_candidate,translate_only,881300,0.693375,179.500,,,0.000000,0.000000,0.000000,0.693375,0,0,,
eed8bc54-a8f4-4774-97df-8050a4532497,2026-03-30T09:08:25.745023+00:00,multi-shot-lazy,multi-shot,lazy,hybrid,/Volumes/ZGMF-X20A/GARYU/ironAPE/APE_Example/biotools/config.json,/Volumes/ZGMF-X20A/GARYU/ironAPE/APE_Example/biotools/edam.owl,3421,/Volumes/ZGMF-X20A/GARYU/ironAPE/APE_Example/biotools/full_bio.tools.json,1678,/Volumes/ZGMF-X20A/GARYU/ironAPE/APE_Example/biotools/constraints_empty.json,0,candidate_lazy,lazy_candidate,translate_only,1123224,0.807938,227.266,,,0.000000,0.000000,0.000000,0.807938,0,0,,
61e06192-a0ca-4295-a506-d70e848e0b1a,2026-03-30T09:47:40.075034+00:00,multi-shot-lazy,multi-shot,lazy,hybrid,/Volumes/ZGMF-X20A/GARYU/ironAPE/APE_Example/biotools/config.json,/Volumes/ZGMF-X20A/GARYU/ironAPE/APE_Example/biotools/edam.owl,3421,/Volumes/ZGMF-X20A/GARYU/ironAPE/APE_Example/biotools/full_bio.tools.json,1678,/Volumes/ZGMF-X20A/GARYU/ironAPE/APE_Example/biotools/constraints_empty.json,0,candidate_lazy,lazy_candidate,translate_only,1123147,0.848887,298.797,,,0.000000,0.000000,0.000000,0.848887,0,0,,
a3db5fdf-eb9b-4ab9-b3d6-8d6e5134089c,2026-03-30T09:59:28.565194+00:00,multi-shot-lazy,multi-shot,lazy,hybrid,/Volumes/ZGMF-X20A/GARYU/ironAPE/APE_Example/defect_concentration/config.json,/Volumes/ZGMF-X20A/GARYU/ironAPE/APE_Example/MaterialsScience_taxonomy.owl,94,/Volumes/ZGMF-X20A/GARYU/ironAPE/APE_Example/tool_annotations.json,28,/Volumes/ZGMF-X20A/GARYU/ironAPE/APE_Example/defect_concentration/constraints_empty.json,0,candidate_lazy,lazy_candidate,run,390,0.006151,20.172,0.003218,23.172,0.190988,1.233094,0.077792,1.508025,1332,1332,"1,2,3,4,5,6,7,8",7
3f5138a9-e1c5-4d60-afd2-699eb450d496,2026-03-30T09:59:37.157505+00:00,multi-shot-lazy,multi-shot,lazy,hybrid,/Volumes/ZGMF-X20A/GARYU/ironAPE/APE_Example/defect_concentration/config.json,/Volumes/ZGMF-X20A/GARYU/ironAPE/APE_Example/MaterialsScience_taxonomy.owl,94,/Volumes/ZGMF-X20A/GARYU/ironAPE/APE_Example/tool_annotations.json,28,/Volumes/ZGMF-X20A/GARYU/ironAPE/APE_Example/defect_concentration/constraints_empty.json,0,candidate_lazy,lazy_candidate,run,390,0.005304,18.922,0.003155,22.484,0.189921,1.368653,0.075717,1.639594,1332,1332,"1,2,3,4,5,6,7,8",7
6ac6b146-80b7-4f33-be8c-28cc813aec7c,2026-03-30T09:59:41.080186+00:00,multi-shot-lazy,multi-shot,lazy,hybrid,/Volumes/ZGMF-X20A/GARYU/ironAPE/APE_Example/defect_concentration/config.json,/Volumes/ZGMF-X20A/GARYU/ironAPE/APE_Example/MaterialsScience_taxonomy.owl,94,/Volumes/ZGMF-X20A/GARYU/ironAPE/APE_Example/tool_annotations.json,28,/Volumes/ZGMF-X20A/GARYU/ironAPE/APE_Example/defect_concentration/constraints_empty.json,0,candidate_lazy,lazy_candidate,run,390,0.005161,18.469,0.003333,21.906,0.186877,1.215432,0.076798,1.484267,1332,1332,"1,2,3,4,5,6,7,8",7
ae2d2378-7d20-47f6-a619-f43507ac760a,2026-03-30T10:13:43.248609+00:00,multi-shot-lazy,multi-shot,lazy,hybrid,/Volumes/ZGMF-X20A/GARYU/ironAPE/APE_Example/defect_concentration/config.json,/Volumes/ZGMF-X20A/GARYU/ironAPE/APE_Example/MaterialsScience_taxonomy.owl,94,/Volumes/ZGMF-X20A/GARYU/ironAPE/APE_Example/tool_annotations.json,28,/Volumes/ZGMF-X20A/GARYU/ironAPE/APE_Example/defect_concentration/constraints_empty.json,0,candidate_lazy,lazy_candidate,run,431,0.005511,18.781,0.002127,21.484,0.178497,1.325915,0.076208,1.586131,1332,1332,"1,2,3,4,5,6,7,8",7
21c587cb-f9db-4d83-9ca9-85c6d81489be,2026-03-30T10:41:42.720557+00:00,multi-shot-lazy,multi-shot,lazy,hybrid,/Volumes/ZGMF-X20A/GARYU/ironAPE/APE_Example/biotools/config.json,/Volumes/ZGMF-X20A/GARYU/ironAPE/APE_Example/biotools/edam.owl,3421,/Volumes/ZGMF-X20A/GARYU/ironAPE/APE_Example/biotools/full_bio.tools.json,1678,/Volumes/ZGMF-X20A/GARYU/ironAPE/APE_Example/biotools/constraints_empty.json,0,candidate_lazy,lazy_candidate,run,1125846,0.861814,283.188,0.527847,677.203,0.756934,0.436118,0.036087,2.090953,1000,1000,1,1
e6d77e37-a3b8-44b7-a389-e7293265231f,2026-03-30T11:08:18.551291+00:00,multi-shot-lazy,multi-shot,lazy,hybrid,/Volumes/ZGMF-X20A/GARYU/ironAPE/APE_Example/biotools/config.json,/Volumes/ZGMF-X20A/GARYU/ironAPE/APE_Example/biotools/edam.owl,3421,/Volumes/ZGMF-X20A/GARYU/ironAPE/APE_Example/biotools/full_bio.tools.json,1678,/Volumes/ZGMF-X20A/GARYU/ironAPE/APE_Example/biotools/constraints_empty.json,0,candidate_lazy,lazy_candidate,run,1125846,0.877680,229.359,0.531316,649.422,1.675292,1.751300,0.038206,4.342479,1000,1000,1,1
7a8cd52f-b415-4ec6-9f7f-122fc325bf6c,2026-03-30T11:09:17.515944+00:00,multi-shot-lazy,multi-shot,lazy,hybrid,/Volumes/ZGMF-X20A/GARYU/ironAPE/APE_Example/defect_concentration/config.json,/Volumes/ZGMF-X20A/GARYU/ironAPE/APE_Example/MaterialsScience_taxonomy.owl,94,/Volumes/ZGMF-X20A/GARYU/ironAPE/APE_Example/tool_annotations.json,28,/Volumes/ZGMF-X20A/GARYU/ironAPE/APE_Example/defect_concentration/constraints_empty.json,0,candidate_lazy,lazy_candidate,run,431,0.006369,18.781,0.002419,21.391,0.168929,1.301544,0.070171,1.547013,1332,1332,"1,2,3,4,5,6,7,8",7
09ac4b02-4f2d-47aa-a979-dc6571db78e8,2026-03-30T11:09:56.077890+00:00,multi-shot-lazy,multi-shot,lazy,hybrid,/Volumes/ZGMF-X20A/GARYU/ironAPE/APE_Example/biotools/config.json,/Volumes/ZGMF-X20A/GARYU/ironAPE/APE_Example/biotools/edam.owl,3421,/Volumes/ZGMF-X20A/GARYU/ironAPE/APE_Example/biotools/full_bio.tools.json,1678,/Volumes/ZGMF-X20A/GARYU/ironAPE/APE_Example/biotools/constraints_empty.json,0,candidate_lazy,lazy_candidate,run,1125846,0.857295,268.047,0.520569,650.953,0.745631,0.428680,0.034917,2.066523,1000,1000,1,1
fe82b350-1859-44d4-b850-c96a0fac6a98,2026-03-30T11:10:07.022668+00:00,multi-shot-lazy,multi-shot,lazy,hybrid,/Volumes/ZGMF-X20A/GARYU/ironAPE/APE_Example/defect_concentration/config.json,/Volumes/ZGMF-X20A/GARYU/ironAPE/APE_Example/MaterialsScience_taxonomy.owl,94,/Volumes/ZGMF-X20A/GARYU/ironAPE/APE_Example/tool_annotations.json,28,/Volumes/ZGMF-X20A/GARYU/ironAPE/APE_Example/defect_concentration/constraints_empty.json,0,candidate_lazy,lazy_candidate,run,431,0.005413,18.797,0.002234,21.906,0.163963,1.295735,0.069943,1.535054,1332,1332,"1,2,3,4,5,6,7,8",7
8d02d60f-a465-41dd-800b-de732ad85620,2026-03-30T11:10:59.406487+00:00,multi-shot-lazy,multi-shot,lazy,hybrid,/Volumes/ZGMF-X20A/GARYU/ironAPE/APE_Example/defect_concentration/config.json,/Volumes/ZGMF-X20A/GARYU/ironAPE/APE_Example/MaterialsScience_taxonomy.owl,94,/Volumes/ZGMF-X20A/GARYU/ironAPE/APE_Example/tool_annotations.json,28,/Volumes/ZGMF-X20A/GARYU/ironAPE/APE_Example/defect_concentration/constraints_empty.json,0,candidate_lazy,lazy_candidate,run,431,0.005686,18.484,0.002210,21.594,0.166657,1.254504,0.069087,1.495933,1332,1332,"1,2,3,4,5,6,7,8",7
ebd4c363-eb8b-43a3-87e7-11a95f4c8e09,2026-03-30T11:11:11.443661+00:00,multi-shot-lazy,multi-shot,lazy,hybrid,/Volumes/ZGMF-X20A/GARYU/ironAPE/APE_Example/biotools/config.json,/Volumes/ZGMF-X20A/GARYU/ironAPE/APE_Example/biotools/edam.owl,3421,/Volumes/ZGMF-X20A/GARYU/ironAPE/APE_Example/biotools/full_bio.tools.json,1678,/Volumes/ZGMF-X20A/GARYU/ironAPE/APE_Example/biotools/constraints_empty.json,0,candidate_lazy,lazy_candidate,run,1125846,0.824832,261.109,0.505783,637.281,0.720649,0.409889,0.035152,1.990522,1000,1000,1,1
